[{"model": "admin.logentry", "pk": 1, "fields": {"action_time": "2025-01-09T14:44:21.194Z", "user": 3, "content_type": 11, "object_id": "3", "object_repr": "Produit test", "action_flag": 1, "change_message": "[{\"added\": {}}]"}}, {"model": "admin.logentry", "pk": 2, "fields": {"action_time": "2025-01-09T14:45:20.209Z", "user": 3, "content_type": 7, "object_id": "1", "object_repr": "Cart of testuser", "action_flag": 1, "change_message": "[{\"added\": {}}]"}}, {"model": "admin.logentry", "pk": 3, "fields": {"action_time": "2025-01-09T14:46:30.790Z", "user": 3, "content_type": 8, "object_id": "1", "object_repr": "1 x Produit test in Cart of testuser", "action_flag": 1, "change_message": "[{\"added\": {}}]"}}, {"model": "admin.logentry", "pk": 4, "fields": {"action_time": "2025-01-09T14:47:29.121Z", "user": 3, "content_type": 10, "object_id": "1", "object_repr": "Order 1 by testuser", "action_flag": 1, "change_message": "[{\"added\": {}}]"}}, {"model": "admin.logentry", "pk": 5, "fields": {"action_time": "2025-01-09T14:47:59.246Z", "user": 3, "content_type": 9, "object_id": "1", "object_repr": "1 x Produit test in Order 1", "action_flag": 1, "change_message": "[{\"added\": {}}]"}}, {"model": "admin.logentry", "pk": 6, "fields": {"action_time": "2025-02-18T14:56:31.598Z", "user": 3, "content_type": 11, "object_id": "4", "object_repr": "Sweat-shirt DUCK23", "action_flag": 1, "change_message": "[{\"added\": {}}]"}}, {"model": "admin.logentry", "pk": 7, "fields": {"action_time": "2025-02-18T15:47:34.990Z", "user": 3, "content_type": 11, "object_id": "3", "object_repr": "Produit test", "action_flag": 3, "change_message": ""}}, {"model": "admin.logentry", "pk": 8, "fields": {"action_time": "2025-02-18T15:47:38.324Z", "user": 3, "content_type": 11, "object_id": "2", "object_repr": "Product1", "action_flag": 3, "change_message": ""}}, {"model": "admin.logentry", "pk": 9, "fields": {"action_time": "2025-02-18T15:47:42.468Z", "user": 3, "content_type": 11, "object_id": "1", "object_repr": "Product1", "action_flag": 3, "change_message": ""}}, {"model": "admin.logentry", "pk": 10, "fields": {"action_time": "2025-02-18T17:00:03.310Z", "user": 3, "content_type": 6, "object_id": "16", "object_repr": "fort", "action_flag": 1, "change_message": "[{\"added\": {}}]"}}, {"model": "admin.logentry", "pk": 11, "fields": {"action_time": "2025-02-18T17:01:05.273Z", "user": 3, "content_type": 7, "object_id": "2", "object_repr": "Cart of fort", "action_flag": 1, "change_message": "[{\"added\": {}}]"}}, {"model": "admin.logentry", "pk": 12, "fields": {"action_time": "2025-02-18T17:01:36.867Z", "user": 3, "content_type": 8, "object_id": "2", "object_repr": "1 x Sweat-shirt DUCK23 in Cart of fort", "action_flag": 1, "change_message": "[{\"added\": {}}]"}}, {"model": "admin.logentry", "pk": 13, "fields": {"action_time": "2025-02-21T10:37:07.674Z", "user": 3, "content_type": 11, "object_id": "5", "object_repr": "Sticker", "action_flag": 1, "change_message": "[{\"added\": {}}]"}}, {"model": "admin.logentry", "pk": 14, "fields": {"action_time": "2025-02-21T10:37:59.327Z", "user": 3, "content_type": 11, "object_id": "5", "object_repr": "Sticker", "action_flag": 2, "change_message": "[]"}}, {"model": "admin.logentry", "pk": 15, "fields": {"action_time": "2025-02-21T10:39:15.520Z", "user": 3, "content_type": 11, "object_id": "6", "object_repr": "Mug", "action_flag": 1, "change_message": "[{\"added\": {}}]"}}, {"model": "admin.logentry", "pk": 16, "fields": {"action_time": "2025-02-21T14:26:58.838Z", "user": 3, "content_type": 11, "object_id": "4", "object_repr": "Sweatshirt", "action_flag": 2, "change_message": "[{\"changed\": {\"fields\": [\"Name\"]}}]"}}, {"model": "admin.logentry", "pk": 17, "fields": {"action_time": "2025-03-04T16:05:01.353Z", "user": 3, "content_type": 7, "object_id": "3", "object_repr": "Cart of picsou", "action_flag": 3, "change_message": ""}}, {"model": "admin.logentry", "pk": 18, "fields": {"action_time": "2025-03-24T13:29:00.039Z", "user": 3, "content_type": 11, "object_id": "4", "object_repr": "Sweatshirt", "action_flag": 2, "change_message": "[{\"changed\": {\"fields\": [\"Price\"]}}]"}}, {"model": "admin.logentry", "pk": 19, "fields": {"action_time": "2025-03-24T15:18:12.697Z", "user": 3, "content_type": 11, "object_id": "4", "object_repr": "Sweatshirt", "action_flag": 2, "change_message": "[{\"changed\": {\"fields\": [\"Price\"]}}]"}}, {"model": "admin.logentry", "pk": 20, "fields": {"action_time": "2025-03-25T12:29:14.650Z", "user": 3, "content_type": 11, "object_id": "4", "object_repr": "Sweatshirt", "action_flag": 2, "change_message": "[{\"changed\": {\"fields\": [\"Price\"]}}]"}}, {"model": "admin.logentry", "pk": 21, "fields": {"action_time": "2025-07-01T09:39:37.483Z", "user": 3, "content_type": 8, "object_id": "5", "object_repr": "2 x Sweatshirt in Cart of picsou", "action_flag": 2, "change_message": "[{\"changed\": {\"fields\": [\"Quantity\"]}}]"}}, {"model": "admin.logentry", "pk": 22, "fields": {"action_time": "2025-07-01T09:39:45.896Z", "user": 3, "content_type": 8, "object_id": "7", "object_repr": "3 x Mug in Cart of picsou", "action_flag": 2, "change_message": "[]"}}, {"model": "admin.logentry", "pk": 23, "fields": {"action_time": "2025-07-08T11:33:14.193Z", "user": 3, "content_type": 7, "object_id": "4", "object_repr": "Cart of picsou", "action_flag": 2, "change_message": "[]"}}, {"model": "sessions.session", "pk": "07u9ykjw8r7z725lsckl6z1yz753h0lf", "fields": {"session_data": ".eJxVjDsOwjAQBe_iGlnrzyYOJT1nsDa7Ng6gWIqTCnF3iJQC2jcz76UibWuJW0tLnESdlUF1-h1H4keadyJ3mm9Vc53XZRr1ruiDNn2tkp6Xw_07KNTKt_YjBcDBMFvABJZ9l3NvgiA6scAJOp8ND5RJrMHeAQbHAB697dEN6v0B9uc3AQ:1uZ6Y6:3mwcxzmcTP8glHDkQPFu1U8Pygr5drdS5Hj9oly5ro8", "expire_date": "2025-07-22T11:31:46.577Z"}}, {"model": "sessions.session", "pk": "0pkw1cwsh8ik2dfthonxwa5g74lmcqye", "fields": {"session_data": ".eJxVjDEOwjAMAP-SGUUhLo7CyM4bIjt2SAG1UtNOFX9HkTrAene63STa1pq2pksaxVwNmNMvY8ovnbqQJ02P2eZ5WpeRbU_sYZu9z6Lv29H-DSq12rdUBgDwMUosAKheCgXJyhnUsUNGR9HLhZGpsJxdRBwCQnCBVZz5fAH4lDha:1v90AN:ZgN6JJ-6qgugOgiHfNd3iimEv89wmGLSBH6pCFwl7Ew", "expire_date": "2025-10-29T11:59:39.066Z"}}, {"model": "sessions.session", "pk": "2gb2ngkkvo7owhrf4fp8s41x2tlp7jbg", "fields": {"session_data": ".eJxVjDsOwjAQBe_iGlnrzyYOJT1nsDa7Ng6gWIqTCnF3iJQC2jcz76UibWuJW0tLnESdlUF1-h1H4keadyJ3mm9Vc53XZRr1ruiDNn2tkp6Xw_07KNTKt_YjBcDBMFvABJZ9l3NvgiA6scAJOp8ND5RJrMHeAQbHAB697dEN6v0B9uc3AQ:1uvcE2:9hEbaPtQKwMtVwqvT7jMDc7l20UAlsXWQKv-jMbI948", "expire_date": "2025-09-22T13:48:06.100Z"}}, {"model": "sessions.session", "pk": "3egj393la5n6zq0npbv9uy17j9e35sl8", "fields": {"session_data": ".eJxVjDEOwjAMAP-SGUUhLo7CyM4bIjt2SAG1UtNOFX9HkTrAene63STa1pq2pksaxVwNmNMvY8ovnbqQJ02P2eZ5WpeRbU_sYZu9z6Lv29H-DSq12rdUBgDwMUosAKheCgXJyhnUsUNGR9HLhZGpsJxdRBwCQnCBVZz5fAH4lDha:1tpUko:8GC91PtLPG9D48tpxJI5mQn3PNnxjYXivJVf3ApoxZE", "expire_date": "2025-03-18T16:04:22.651Z"}}, {"model": "sessions.session", "pk": "4068bz1lkcouyxw1kph2mcwjlaegn1vt", "fields": {"session_data": ".eJxVjDEOwjAMAP-SGUUhLo7CyM4bIjt2SAG1UtNOFX9HkTrAene63STa1pq2pksaxVwNmNMvY8ovnbqQJ02P2eZ5WpeRbU_sYZu9z6Lv29H-DSq12rdUBgDwMUosAKheCgXJyhnUsUNGR9HLhZGpsJxdRBwCQnCBVZz5fAH4lDha:1uuB2X:Tduz3BirGJuGfCUT3zJqdnDe4d-wjWzWhz7O_Cdwd_E", "expire_date": "2025-09-18T14:34:17.305Z"}}, {"model": "sessions.session", "pk": "8scw7025nysvh9cu4pc30gey1ti1bt6q", "fields": {"session_data": ".eJxVjDsOwjAQBe_iGlnrzyYOJT1nsDa7Ng6gWIqTCnF3iJQC2jcz76UibWuJW0tLnESdlUF1-h1H4keadyJ3mm9Vc53XZRr1ruiDNn2tkp6Xw_07KNTKt_YjBcDBMFvABJZ9l3NvgiA6scAJOp8ND5RJrMHeAQbHAB697dEN6v0B9uc3AQ:1v23Wx:_r9y65PJPUCE7GyP9rJfE9mNfjEwp2VRqGHESLLwOTY", "expire_date": "2025-10-10T08:10:15.651Z"}}, {"model": "sessions.session", "pk": "cknchi1jxm0z1nzcxp4w4g61rcbpzp4h", "fields": {"session_data": ".eJxVjDsOwjAQBe_iGlk2_q0p6XMGa51d4wCypXwqxN0hUgpo38y8l0i4rTVtC89pInERTpx-t4zjg9sO6I7t1uXY2zpPWe6KPOgih078vB7u30HFpX5r1s7EcuYStck-E6iijQ9eYRzJRGecBQZCjWQhgLGKQ1aFAbLHYlG8P9yeN-g:1tYmVJ:AL1sA4mJcwZR8Aa0xaQzX5ct-b584RhWdre5DULDbF0", "expire_date": "2025-01-31T13:35:17.419Z"}}, {"model": "sessions.session", "pk": "dg4rbnge4k4lp95nl4uvcczcb7w1moet", "fields": {"session_data": ".eJxVjDsOwjAQBe_iGlnrzyYOJT1nsDa7Ng6gWIqTCnF3iJQC2jcz76UibWuJW0tLnESdlUF1-h1H4keadyJ3mm9Vc53XZRr1ruiDNn2tkp6Xw_07KNTKt_YjBcDBMFvABJZ9l3NvgiA6scAJOp8ND5RJrMHeAQbHAB697dEN6v0B9uc3AQ:1ufDw1:OB3r4c-EP3F9gkd_uNCvDdeQ-mFlEsTVD7kH1c0rKFA", "expire_date": "2025-08-08T08:37:45.780Z"}}, {"model": "sessions.session", "pk": "f2ehi9jmgnlpgfp8znfjjk24i8es64rn", "fields": {"session_data": ".eJxVjDEOwjAMAP-SGUUhLo7CyM4bIjt2SAG1UtNOFX9HkTrAene63STa1pq2pksaxVwNmNMvY8ovnbqQJ02P2eZ5WpeRbU_sYZu9z6Lv29H-DSq12rdUBgDwMUosAKheCgXJyhnUsUNGR9HLhZGpsJxdRBwCQnCBVZz5fAH4lDha:1tkP6N:sU3EBq6vUhDYUrKdbZM4J9QYPKcFCMlnVKCQtcIb5SE", "expire_date": "2025-03-04T15:01:35.800Z"}}, {"model": "sessions.session", "pk": "fp3hlvcgikezu1e6vh3k36zz8ub6itmo", "fields": {"session_data": ".eJxVjDEOwjAMAP-SGUUhLo7CyM4bIjt2SAG1UtNOFX9HkTrAene63STa1pq2pksaxVwNmNMvY8ovnbqQJ02P2eZ5WpeRbU_sYZu9z6Lv29H-DSq12rdUBgDwMUosAKheCgXJyhnUsUNGR9HLhZGpsJxdRBwCQnCBVZz5fAH4lDha:1twhqj:RGqnouqnvP9BU7KCE2PVN4mUiAhfcwBKFUslMuIgYmk", "expire_date": "2025-04-07T13:28:17.530Z"}}, {"model": "sessions.session", "pk": "go8apbyineivpes6rb45s0bele292rnx", "fields": {"session_data": ".eJxVjDEOwjAMAP-SGUUhLo7CyM4bIjt2SAG1UtNOFX9HkTrAene63STa1pq2pksaxVwNmNMvY8ovnbqQJ02P2eZ5WpeRbU_sYZu9z6Lv29H-DSq12rdUBgDwMUosAKheCgXJyhnUsUNGR9HLhZGpsJxdRBwCQnCBVZz5fAH4lDha:1v0zyF:VD8ZXYwRWTPZtNmKD4U1MIZZ-bfxHXBuA4oJt7qIDkk", "expire_date": "2025-10-07T10:10:03.467Z"}}, {"model": "sessions.session", "pk": "jkopi3c2794tefigfibh8sqw25l55uv5", "fields": {"session_data": ".eJxVjDsOwjAQBe_iGlnrzyYOJT1nsDa7Ng6gWIqTCnF3iJQC2jcz76UibWuJW0tLnESdlUF1-h1H4keadyJ3mm9Vc53XZRr1ruiDNn2tkp6Xw_07KNTKt_YjBcDBMFvABJZ9l3NvgiA6scAJOp8ND5RJrMHeAQbHAB697dEN6v0B9uc3AQ:1v907e:158ZboH5zkkQfbyeR1pSmwexAlSfFr8qYPwL9pGaXXI", "expire_date": "2025-10-29T11:56:50.016Z"}}, {"model": "sessions.session", "pk": "payimts2r0owr1y9qvh50sl7g4xskeva", "fields": {"session_data": ".eJxVjEEOwiAQAP_C2RCgFFiP3vsGsrAgVQNJaU_GvxuSHvQ6M5k383jsxR89bX4ldmUTu_yygPGZ6hD0wHpvPLa6b2vgI-Gn7XxplF63s_0bFOxlbCFHyiG7WTggCwoCEEAKVpqJtM1GRrTCRaVcIK10MoRo1JyVFC5b9vkC8sI39g:1tVtOI:vEHDoxAwElVPOGMCsJgtIPYONjw8hL0b-p6udYs9udk", "expire_date": "2025-01-23T14:20:06.468Z"}}, {"model": "sessions.session", "pk": "raki44qe5lwbm5975cfzz4tox4c6vjcc", "fields": {"session_data": ".eJxVjDsOwjAQBe_iGlnrzyYOJT1nsDa7Ng6gWIqTCnF3iJQC2jcz76UibWuJW0tLnESdlUF1-h1H4keadyJ3mm9Vc53XZRr1ruiDNn2tkp6Xw_07KNTKt_YjBcDBMFvABJZ9l3NvgiA6scAJOp8ND5RJrMHeAQbHAB697dEN6v0B9uc3AQ:1tx3XU:rbylAY4duZixsKrwvZW_KemvoCLOkz-6aMreINRADus", "expire_date": "2025-04-08T12:37:52.640Z"}}, {"model": "sessions.session", "pk": "y66hh24gg2qywio7vi5gt6e132viqe3i", "fields": {"session_data": ".eJxVjDEOwjAMAP-SGUUhLo7CyM4bIjt2SAG1UtNOFX9HkTrAene63STa1pq2pksaxVwNmNMvY8ovnbqQJ02P2eZ5WpeRbU_sYZu9z6Lv29H-DSq12rdUBgDwMUosAKheCgXJyhnUsUNGR9HLhZGpsJxdRBwCQnCBVZz5fAH4lDha:1uWXRA:CbqLZhsESZtZqdmtFHS3V-51V-EZUZHYvqpYqXUNBEk", "expire_date": "2025-07-15T09:38:00.848Z"}}, {"model": "sessions.session", "pk": "zxiaz33l1cy22h4fa8hxwvxhha0jns8l", "fields": {"session_data": ".eJxVjDEOwjAMAP-SGUUhLo7CyM4bIjt2SAG1UtNOFX9HkTrAene63STa1pq2pksaxVwNmNMvY8ovnbqQJ02P2eZ5WpeRbU_sYZu9z6Lv29H-DSq12rdUBgDwMUosAKheCgXJyhnUsUNGR9HLhZGpsJxdRBwCQnCBVZz5fAH4lDha:1vLHTJ:ExuCLZYVyn--u7jSjze__B_3_IfVOoEgpEkXHmy5En4", "expire_date": "2025-12-02T08:53:57.119Z"}}, {"model": "token_blacklist.outstandingtoken", "pk": 1, "fields": {"user": null, "jti": "e05c92f51d9547e483a0d2be3a3c70ff", "token": "eyJhbGciOiJIUzI1NiIsInR5cCI6IkpXVCJ9.eyJ0b2tlbl90eXBlIjoicmVmcmVzaCIsImV4cCI6MTczODA2ODE4MCwiaWF0IjoxNzM3OTgxNzgwLCJqdGkiOiJlMDVjOTJmNTFkOTU0N2U0ODNhMGQyYmUzYTNjNzBmZiIsInVzZXJfaWQiOjZ9.x9RlWHiEBxiW7G-1HNniVrUO7mEVmCqG1o7EvwK_n2c", "created_at": "2025-01-27T12:43:00.388Z", "expires_at": "2025-01-28T12:43:00Z"}}, {"model": "token_blacklist.outstandingtoken", "pk": 2, "fields": {"user": null, "jti": "b80b799f3e6448a48071426734b8c97c", "token": "eyJhbGciOiJIUzI1NiIsInR5cCI6IkpXVCJ9.eyJ0b2tlbl90eXBlIjoicmVmcmVzaCIsImV4cCI6MTczODA2OTQzNSwiaWF0IjoxNzM3OTgzMDM1LCJqdGkiOiJiODBiNzk5ZjNlNjQ0OGE0ODA3MTQyNjczNGI4Yzk3YyIsInVzZXJfaWQiOjZ9.LAR3gCKCC7hnvmU0fG9NlesRhVAdylOXsWNpbiQlqC4", "created_at": "2025-01-27T13:03:55.410Z", "expires_at": "2025-01-28T13:03:55Z"}}, {"model": "token_blacklist.outstandingtoken", "pk": 3, "fields": {"user": 10, "jti": "fc65efaef8dc4ab7b397c85ac77c8313", "token": "eyJhbGciOiJIUzI1NiIsInR5cCI6IkpXVCJ9.eyJ0b2tlbl90eXBlIjoicmVmcmVzaCIsImV4cCI6MTczODc2OTg1OSwiaWF0IjoxNzM4NjgzNDU5LCJqdGkiOiJmYzY1ZWZhZWY4ZGM0YWI3YjM5N2M4NWFjNzdjODMxMyIsInVzZXJfaWQiOjEwfQ.ZVEcniaTEKLOSD9vhsIeLwtyXO2XuaIVH6Gc5rf2piQ", "created_at": "2025-02-04T15:37:39.713Z", "expires_at": "2025-02-05T15:37:39Z"}}, {"model": "token_blacklist.outstandingtoken", "pk": 4, "fields": {"user": 10, "jti": "3c145e84035a4c7099d4174cdd856ef1", "token": "eyJhbGciOiJIUzI1NiIsInR5cCI6IkpXVCJ9.eyJ0b2tlbl90eXBlIjoicmVmcmVzaCIsImV4cCI6MTczODc2OTkwMCwiaWF0IjoxNzM4NjgzNTAwLCJqdGkiOiIzYzE0NWU4NDAzNWE0YzcwOTlkNDE3NGNkZDg1NmVmMSIsInVzZXJfaWQiOjEwfQ.qqa6EL972aJoqxwgyxCYEJDAi06gZLGSYSXPG9CK3VI", "created_at": "2025-02-04T15:38:20.823Z", "expires_at": "2025-02-05T15:38:20Z"}}, {"model": "token_blacklist.outstandingtoken", "pk": 5, "fields": {"user": 9, "jti": "f39b0808175a47c2ba3946017a79c1b0", "token": "eyJhbGciOiJIUzI1NiIsInR5cCI6IkpXVCJ9.eyJ0b2tlbl90eXBlIjoicmVmcmVzaCIsImV4cCI6MTczODc2OTk1NCwiaWF0IjoxNzM4NjgzNTU0LCJqdGkiOiJmMzliMDgwODE3NWE0N2MyYmEzOTQ2MDE3YTc5YzFiMCIsInVzZXJfaWQiOjl9.4s7b9hUn-wgcHaavxyBDh5G1duE8yPNJeMuQCGnOMqk", "created_at": "2025-02-04T15:39:14.530Z", "expires_at": "2025-02-05T15:39:14Z"}}, {"model": "token_blacklist.outstandingtoken", "pk": 6, "fields": {"user": 9, "jti": "7d5d5d1216a241ceacea6c50d0045ea9", "token": "eyJhbGciOiJIUzI1NiIsInR5cCI6IkpXVCJ9.eyJ0b2tlbl90eXBlIjoicmVmcmVzaCIsImV4cCI6MTczODc3MDQ3MSwiaWF0IjoxNzM4Njg0MDcxLCJqdGkiOiI3ZDVkNWQxMjE2YTI0MWNlYWNlYTZjNTBkMDA0NWVhOSIsInVzZXJfaWQiOjl9.gCiyknltYuskHpse-hR3fjzYBfbN2EJHkciVsUo6Luw", "created_at": "2025-02-04T15:47:51.322Z", "expires_at": "2025-02-05T15:47:51Z"}}, {"model": "token_blacklist.outstandingtoken", "pk": 7, "fields": {"user": null, "jti": "1783ad5dafe946ada069d4f68e36556d", "token": "eyJhbGciOiJIUzI1NiIsInR5cCI6IkpXVCJ9.eyJ0b2tlbl90eXBlIjoicmVmcmVzaCIsImV4cCI6MTczODgzOTI0NCwiaWF0IjoxNzM4NzUyODQ0LCJqdGkiOiIxNzgzYWQ1ZGFmZTk0NmFkYTA2OWQ0ZjY4ZTM2NTU2ZCIsInVzZXJfaWQiOjExfQ.v3LZhExCN9c1e-s5nKHVbT-IspzVG3_P5wgVl0hHKws", "created_at": "2025-02-05T10:54:04.781Z", "expires_at": "2025-02-06T10:54:04Z"}}, {"model": "token_blacklist.outstandingtoken", "pk": 8, "fields": {"user": null, "jti": "5624fa0598994772bfb9b1a9d4b2adb4", "token": "eyJhbGciOiJIUzI1NiIsInR5cCI6IkpXVCJ9.eyJ0b2tlbl90eXBlIjoicmVmcmVzaCIsImV4cCI6MTczODg0MDkxMCwiaWF0IjoxNzM4NzU0NTEwLCJqdGkiOiI1NjI0ZmEwNTk4OTk0NzcyYmZiOWIxYTlkNGIyYWRiNCIsInVzZXJfaWQiOjEyfQ.5fWbfQfttPctrvfhcGIk02V0V9nfzbj9LC-ir1bv9RM", "created_at": "2025-02-05T11:21:50.218Z", "expires_at": "2025-02-06T11:21:50Z"}}, {"model": "token_blacklist.outstandingtoken", "pk": 9, "fields": {"user": null, "jti": "798b453bcecd4d1cb3efdebeefe52070", "token": "eyJhbGciOiJIUzI1NiIsInR5cCI6IkpXVCJ9.eyJ0b2tlbl90eXBlIjoicmVmcmVzaCIsImV4cCI6MTczODg1MzAzMywiaWF0IjoxNzM4NzY2NjMzLCJqdGkiOiI3OThiNDUzYmNlY2Q0ZDFjYjNlZmRlYmVlZmU1MjA3MCIsInVzZXJfaWQiOjEzfQ.F6SROoJjQknKvXSn53tywtxgZkFSgJB3Geox2_S667g", "created_at": "2025-02-05T14:43:53.116Z", "expires_at": "2025-02-06T14:43:53Z"}}, {"model": "token_blacklist.outstandingtoken", "pk": 10, "fields": {"user": null, "jti": "e63a4c07e83f430d933990e0e8d7d488", "token": "eyJhbGciOiJIUzI1NiIsInR5cCI6IkpXVCJ9.eyJ0b2tlbl90eXBlIjoicmVmcmVzaCIsImV4cCI6MTczODg1NDA2MCwiaWF0IjoxNzM4NzY3NjYwLCJqdGkiOiJlNjNhNGMwN2U4M2Y0MzBkOTMzOTkwZTBlOGQ3ZDQ4OCIsInVzZXJfaWQiOjEzfQ.40kVc_QByMtmPjzwXFVev-WetsXCnTa1Ee3-iuvgNfo", "created_at": "2025-02-05T15:01:00.044Z", "expires_at": "2025-02-06T15:01:00Z"}}, {"model": "token_blacklist.outstandingtoken", "pk": 11, "fields": {"user": null, "jti": "972b2d076c3445afabc7b18ce67a8070", "token": "eyJhbGciOiJIUzI1NiIsInR5cCI6IkpXVCJ9.eyJ0b2tlbl90eXBlIjoicmVmcmVzaCIsImV4cCI6MTczODg1NDQ4NiwiaWF0IjoxNzM4NzY4MDg2LCJqdGkiOiI5NzJiMmQwNzZjMzQ0NWFmYWJjN2IxOGNlNjdhODA3MCIsInVzZXJfaWQiOjEzfQ.RplK85qF6WF7HKcdl_4aOugjEapJjYnCcLPo8U_8Sig", "created_at": "2025-02-05T15:08:06.931Z", "expires_at": "2025-02-06T15:08:06Z"}}, {"model": "token_blacklist.outstandingtoken", "pk": 12, "fields": {"user": null, "jti": "8ffe44e4fa0a44f8890d55e71476ace6", "token": "eyJhbGciOiJIUzI1NiIsInR5cCI6IkpXVCJ9.eyJ0b2tlbl90eXBlIjoicmVmcmVzaCIsImV4cCI6MTczOTI2ODEyMCwiaWF0IjoxNzM5MTgxNzIwLCJqdGkiOiI4ZmZlNDRlNGZhMGE0NGY4ODkwZDU1ZTcxNDc2YWNlNiIsInVzZXJfaWQiOjEzfQ.HPiv9Om1wrDNu7Be6C8uvvTg5q6hXCc6APDqAjdm0W4", "created_at": "2025-02-10T10:02:00.554Z", "expires_at": "2025-02-11T10:02:00Z"}}, {"model": "token_blacklist.outstandingtoken", "pk": 13, "fields": {"user": null, "jti": "cbbc7062993448c8900f89b1b7c287ee", "token": "eyJhbGciOiJIUzI1NiIsInR5cCI6IkpXVCJ9.eyJ0b2tlbl90eXBlIjoicmVmcmVzaCIsImV4cCI6MTczOTI2ODQ4OSwiaWF0IjoxNzM5MTgyMDg5LCJqdGkiOiJjYmJjNzA2Mjk5MzQ0OGM4OTAwZjg5YjFiN2MyODdlZSIsInVzZXJfaWQiOjEzfQ.Td0zNTW8OX1jCTZEuQjKIau4bU-ID83E_uedooZ5iKE", "created_at": "2025-02-10T10:08:09.051Z", "expires_at": "2025-02-11T10:08:09Z"}}, {"model": "token_blacklist.outstandingtoken", "pk": 14, "fields": {"user": null, "jti": "904d31e7434c4a35be320fc9b38db968", "token": "eyJhbGciOiJIUzI1NiIsInR5cCI6IkpXVCJ9.eyJ0b2tlbl90eXBlIjoicmVmcmVzaCIsImV4cCI6MTczOTI2ODk0OCwiaWF0IjoxNzM5MTgyNTQ4LCJqdGkiOiI5MDRkMzFlNzQzNGM0YTM1YmUzMjBmYzliMzhkYjk2OCIsInVzZXJfaWQiOjEzfQ.Vm5J635je_TYeBvqXIPAGwrDd3ZQ-5_Pv_nH3IWPfz4", "created_at": "2025-02-10T10:15:48.613Z", "expires_at": "2025-02-11T10:15:48Z"}}, {"model": "token_blacklist.outstandingtoken", "pk": 15, "fields": {"user": null, "jti": "0d1f1dd4ca33478d9ab2c01f49333e50", "token": "eyJhbGciOiJIUzI1NiIsInR5cCI6IkpXVCJ9.eyJ0b2tlbl90eXBlIjoicmVmcmVzaCIsImV4cCI6MTczOTI2OTkxNSwiaWF0IjoxNzM5MTgzNTE1LCJqdGkiOiIwZDFmMWRkNGNhMzM0NzhkOWFiMmMwMWY0OTMzM2U1MCIsInVzZXJfaWQiOjEzfQ.fmSgbzp6s1GOa06BsmTojy0y2Q5EQyuzh2HU_gbh_t4", "created_at": "2025-02-10T10:31:55.058Z", "expires_at": "2025-02-11T10:31:55Z"}}, {"model": "token_blacklist.outstandingtoken", "pk": 16, "fields": {"user": null, "jti": "666ca598950a41c1a041500ff48adf4f", "token": "eyJhbGciOiJIUzI1NiIsInR5cCI6IkpXVCJ9.eyJ0b2tlbl90eXBlIjoicmVmcmVzaCIsImV4cCI6MTczOTM0ODEyNSwiaWF0IjoxNzM5MjYxNzI1LCJqdGkiOiI2NjZjYTU5ODk1MGE0MWMxYTA0MTUwMGZmNDhhZGY0ZiIsInVzZXJfaWQiOjEzfQ.aCiYc-V-7WP-Qe6Z0LLLM17lbsTB51LLA9SkoT6ehIw", "created_at": "2025-02-11T08:15:25.192Z", "expires_at": "2025-02-12T08:15:25Z"}}, {"model": "token_blacklist.outstandingtoken", "pk": 17, "fields": {"user": null, "jti": "46b74bd2dd184403907f4306a81504d6", "token": "eyJhbGciOiJIUzI1NiIsInR5cCI6IkpXVCJ9.eyJ0b2tlbl90eXBlIjoicmVmcmVzaCIsImV4cCI6MTczOTM0OTQxNSwiaWF0IjoxNzM5MjYzMDE1LCJqdGkiOiI0NmI3NGJkMmRkMTg0NDAzOTA3ZjQzMDZhODE1MDRkNiIsInVzZXJfaWQiOjEzfQ.tW7FKbq0d__AZTqG6AI-joee93bQu3tXam988-b5rTk", "created_at": "2025-02-11T08:36:55.545Z", "expires_at": "2025-02-12T08:36:55Z"}}, {"model": "token_blacklist.outstandingtoken", "pk": 18, "fields": {"user": null, "jti": "656e79f0207e465cbc9d6416a9995d45", "token": "eyJhbGciOiJIUzI1NiIsInR5cCI6IkpXVCJ9.eyJ0b2tlbl90eXBlIjoicmVmcmVzaCIsImV4cCI6MTczOTM1MDE4MSwiaWF0IjoxNzM5MjYzNzgxLCJqdGkiOiI2NTZlNzlmMDIwN2U0NjVjYmM5ZDY0MTZhOTk5NWQ0NSIsInVzZXJfaWQiOjEzfQ.8vRctoukV8gsFETn4eCqQd18zQYGHi6WKL6MvoFDVoQ", "created_at": "2025-02-11T08:49:41.798Z", "expires_at": "2025-02-12T08:49:41Z"}}, {"model": "token_blacklist.outstandingtoken", "pk": 19, "fields": {"user": null, "jti": "2f04c5f9d2f84a70b697490ca0be4ea8", "token": "eyJhbGciOiJIUzI1NiIsInR5cCI6IkpXVCJ9.eyJ0b2tlbl90eXBlIjoicmVmcmVzaCIsImV4cCI6MTczOTM1MjAwMSwiaWF0IjoxNzM5MjY1NjAxLCJqdGkiOiIyZjA0YzVmOWQyZjg0YTcwYjY5NzQ5MGNhMGJlNGVhOCIsInVzZXJfaWQiOjEzfQ.cY5KQT5cbxzvFC5773NY0p4ppGj2DKrTYNAtvfRENRw", "created_at": "2025-02-11T09:20:01.893Z", "expires_at": "2025-02-12T09:20:01Z"}}, {"model": "token_blacklist.outstandingtoken", "pk": 20, "fields": {"user": null, "jti": "ed9e3dbb57cc459d9697d0b860467c4c", "token": "eyJhbGciOiJIUzI1NiIsInR5cCI6IkpXVCJ9.eyJ0b2tlbl90eXBlIjoicmVmcmVzaCIsImV4cCI6MTczOTM1MzM5MSwiaWF0IjoxNzM5MjY2OTkxLCJqdGkiOiJlZDllM2RiYjU3Y2M0NTlkOTY5N2QwYjg2MDQ2N2M0YyIsInVzZXJfaWQiOjEzfQ.qHHgJvHrF9sfI-zX8mU06TSCEmYPaJB5K6FoetyJ2Fs", "created_at": "2025-02-11T09:43:11.081Z", "expires_at": "2025-02-12T09:43:11Z"}}, {"model": "token_blacklist.outstandingtoken", "pk": 21, "fields": {"user": 3, "jti": "028f0b05e9d24c0694faefe608c2f2e1", "token": "eyJhbGciOiJIUzI1NiIsInR5cCI6IkpXVCJ9.eyJ0b2tlbl90eXBlIjoicmVmcmVzaCIsImV4cCI6MTczOTM2NzcwNiwiaWF0IjoxNzM5MjgxMzA2LCJqdGkiOiIwMjhmMGIwNWU5ZDI0YzA2OTRmYWVmZTYwOGMyZjJlMSIsInVzZXJfaWQiOjN9.8adINWx3QDMrQvuFcQsopc4Mhj45C9lcl-VF5j_-odg", "created_at": "2025-02-11T13:41:46.709Z", "expires_at": "2025-02-12T13:41:46Z"}}, {"model": "token_blacklist.outstandingtoken", "pk": 22, "fields": {"user": null, "jti": "389ab6f101c842fb8144e9e2d7df805e", "token": "eyJhbGciOiJIUzI1NiIsInR5cCI6IkpXVCJ9.eyJ0b2tlbl90eXBlIjoicmVmcmVzaCIsImV4cCI6MTczOTQ0MDYwMSwiaWF0IjoxNzM5MzU0MjAxLCJqdGkiOiIzODlhYjZmMTAxYzg0MmZiODE0NGU5ZTJkN2RmODA1ZSIsInVzZXJfaWQiOjEzfQ.e0G8XrsYO8JDV0OCSj-2oj3bqilox28I5e0vVvV1CkM", "created_at": "2025-02-12T09:56:41.147Z", "expires_at": "2025-02-13T09:56:41Z"}}, {"model": "token_blacklist.outstandingtoken", "pk": 23, "fields": {"user": null, "jti": "98a9147140d64e5b886c76fc4ceea3bb", "token": "eyJhbGciOiJIUzI1NiIsInR5cCI6IkpXVCJ9.eyJ0b2tlbl90eXBlIjoicmVmcmVzaCIsImV4cCI6MTczOTQ0MDYyNCwiaWF0IjoxNzM5MzU0MjI0LCJqdGkiOiI5OGE5MTQ3MTQwZDY0ZTViODg2Yzc2ZmM0Y2VlYTNiYiIsInVzZXJfaWQiOjEzfQ.YNi-p2tFeN6uHtiRZcRoRXYA-dbKJAxJF5PQ-8w4GMA", "created_at": "2025-02-12T09:57:04.847Z", "expires_at": "2025-02-13T09:57:04Z"}}, {"model": "token_blacklist.outstandingtoken", "pk": 24, "fields": {"user": null, "jti": "da8c65c913af47348d0f8ecd0112b9e2", "token": "eyJhbGciOiJIUzI1NiIsInR5cCI6IkpXVCJ9.eyJ0b2tlbl90eXBlIjoicmVmcmVzaCIsImV4cCI6MTczOTQ0MDY0NiwiaWF0IjoxNzM5MzU0MjQ2LCJqdGkiOiJkYThjNjVjOTEzYWY0NzM0OGQwZjhlY2QwMTEyYjllMiIsInVzZXJfaWQiOjEzfQ.LZYQqrHSnFus0hPkXTsRFzxVe0NEZ-tLN43W1dg7Ahk", "created_at": "2025-02-12T09:57:26.943Z", "expires_at": "2025-02-13T09:57:26Z"}}, {"model": "token_blacklist.outstandingtoken", "pk": 25, "fields": {"user": null, "jti": "f18935812acb41028558a56eddc35073", "token": "eyJhbGciOiJIUzI1NiIsInR5cCI6IkpXVCJ9.eyJ0b2tlbl90eXBlIjoicmVmcmVzaCIsImV4cCI6MTczOTQ0MDY4MiwiaWF0IjoxNzM5MzU0MjgyLCJqdGkiOiJmMTg5MzU4MTJhY2I0MTAyODU1OGE1NmVkZGMzNTA3MyIsInVzZXJfaWQiOjEzfQ.zQaVGgi8Hs-a7lOkqsucaC36n7EXzLjd0hxJiMP-qmE", "created_at": "2025-02-12T09:58:02.339Z", "expires_at": "2025-02-13T09:58:02Z"}}, {"model": "token_blacklist.outstandingtoken", "pk": 26, "fields": {"user": null, "jti": "475eb6a4c8fc4920bd573c97b961d5d7", "token": "eyJhbGciOiJIUzI1NiIsInR5cCI6IkpXVCJ9.eyJ0b2tlbl90eXBlIjoicmVmcmVzaCIsImV4cCI6MTczOTQ0MDc3NywiaWF0IjoxNzM5MzU0Mzc3LCJqdGkiOiI0NzVlYjZhNGM4ZmM0OTIwYmQ1NzNjOTdiOTYxZDVkNyIsInVzZXJfaWQiOjEzfQ.rRex64bkHEBXmw7zGxkQm3qgnnmMJh1ElKXy5D3_u3o", "created_at": "2025-02-12T09:59:37.233Z", "expires_at": "2025-02-13T09:59:37Z"}}, {"model": "token_blacklist.outstandingtoken", "pk": 27, "fields": {"user": null, "jti": "98d8ecde478c41b69d9930bc876c127f", "token": "eyJhbGciOiJIUzI1NiIsInR5cCI6IkpXVCJ9.eyJ0b2tlbl90eXBlIjoicmVmcmVzaCIsImV4cCI6MTczOTQ0MDgyNiwiaWF0IjoxNzM5MzU0NDI2LCJqdGkiOiI5OGQ4ZWNkZTQ3OGM0MWI2OWQ5OTMwYmM4NzZjMTI3ZiIsInVzZXJfaWQiOjE0fQ.qGHVgFesIyN8keAskGaPyVn04pphxDKKku8Zou3Hfyg", "created_at": "2025-02-12T10:00:26.056Z", "expires_at": "2025-02-13T10:00:26Z"}}, {"model": "token_blacklist.outstandingtoken", "pk": 28, "fields": {"user": null, "jti": "d54b34ba83f4440bab8560d0c8462624", "token": "eyJhbGciOiJIUzI1NiIsInR5cCI6IkpXVCJ9.eyJ0b2tlbl90eXBlIjoicmVmcmVzaCIsImV4cCI6MTczOTQ0MDk1NSwiaWF0IjoxNzM5MzU0NTU1LCJqdGkiOiJkNTRiMzRiYTgzZjQ0NDBiYWI4NTYwZDBjODQ2MjYyNCIsInVzZXJfaWQiOjE0fQ.u_OWIaObC4ZiYU5pfFl46mP4kQoV56FEkPZ6CQ94nlw", "created_at": "2025-02-12T10:02:35.097Z", "expires_at": "2025-02-13T10:02:35Z"}}, {"model": "token_blacklist.outstandingtoken", "pk": 29, "fields": {"user": null, "jti": "57ff72e212884860bdb9b8d20daac8bf", "token": "eyJhbGciOiJIUzI1NiIsInR5cCI6IkpXVCJ9.eyJ0b2tlbl90eXBlIjoicmVmcmVzaCIsImV4cCI6MTczOTQ0MTA2NiwiaWF0IjoxNzM5MzU0NjY2LCJqdGkiOiI1N2ZmNzJlMjEyODg0ODYwYmRiOWI4ZDIwZGFhYzhiZiIsInVzZXJfaWQiOjEzfQ.XPQHEw3ufiYb4_VIPp-7HO9wODsy1OhX2Tvlx_FXuYY", "created_at": "2025-02-12T10:04:26.861Z", "expires_at": "2025-02-13T10:04:26Z"}}, {"model": "token_blacklist.outstandingtoken", "pk": 30, "fields": {"user": null, "jti": "fb68277e8ea44307a2bc9e635112f177", "token": "eyJhbGciOiJIUzI1NiIsInR5cCI6IkpXVCJ9.eyJ0b2tlbl90eXBlIjoicmVmcmVzaCIsImV4cCI6MTczOTQ0MTEzMiwiaWF0IjoxNzM5MzU0NzMyLCJqdGkiOiJmYjY4Mjc3ZThlYTQ0MzA3YTJiYzllNjM1MTEyZjE3NyIsInVzZXJfaWQiOjEzfQ.g40_Qn7vdzvfIHsyUglC_VZnr9Y0YZPg_psHdkdubwE", "created_at": "2025-02-12T10:05:32.371Z", "expires_at": "2025-02-13T10:05:32Z"}}, {"model": "token_blacklist.outstandingtoken", "pk": 31, "fields": {"user": null, "jti": "36fdee867cd7467987fafd08d38291ae", "token": "eyJhbGciOiJIUzI1NiIsInR5cCI6IkpXVCJ9.eyJ0b2tlbl90eXBlIjoicmVmcmVzaCIsImV4cCI6MTczOTQ0MTE4NCwiaWF0IjoxNzM5MzU0Nzg0LCJqdGkiOiIzNmZkZWU4NjdjZDc0Njc5ODdmYWZkMDhkMzgyOTFhZSIsInVzZXJfaWQiOjE0fQ.s855S8I2juwW4Lyh9In9gJJdaEhjGYH3X6zl9HxFDRc", "created_at": "2025-02-12T10:06:24.989Z", "expires_at": "2025-02-13T10:06:24Z"}}, {"model": "token_blacklist.outstandingtoken", "pk": 32, "fields": {"user": null, "jti": "498ad28645084851a7ce35817d9a18d3", "token": "eyJhbGciOiJIUzI1NiIsInR5cCI6IkpXVCJ9.eyJ0b2tlbl90eXBlIjoicmVmcmVzaCIsImV4cCI6MTczOTQ0Mjg4NSwiaWF0IjoxNzM5MzU2NDg1LCJqdGkiOiI0OThhZDI4NjQ1MDg0ODUxYTdjZTM1ODE3ZDlhMThkMyIsInVzZXJfaWQiOjEzfQ.7FruFS1DXb4glVNU7qLTQUfKmLjDLgpJ0uSHB-cFFYE", "created_at": "2025-02-12T10:34:45.111Z", "expires_at": "2025-02-13T10:34:45Z"}}, {"model": "token_blacklist.outstandingtoken", "pk": 33, "fields": {"user": null, "jti": "60848de862f54d5493fd82af1066a249", "token": "eyJhbGciOiJIUzI1NiIsInR5cCI6IkpXVCJ9.eyJ0b2tlbl90eXBlIjoicmVmcmVzaCIsImV4cCI6MTczOTQ0MjkxNCwiaWF0IjoxNzM5MzU2NTE0LCJqdGkiOiI2MDg0OGRlODYyZjU0ZDU0OTNmZDgyYWYxMDY2YTI0OSIsInVzZXJfaWQiOjEzfQ.p1V4GFMvF7lzIyRuJBu6EVG-NZN7C4N2hkXlGQb_p5o", "created_at": "2025-02-12T10:35:14.794Z", "expires_at": "2025-02-13T10:35:14Z"}}, {"model": "token_blacklist.outstandingtoken", "pk": 34, "fields": {"user": null, "jti": "7b2424dd54a048d2ba6a61dddb7fa24d", "token": "eyJhbGciOiJIUzI1NiIsInR5cCI6IkpXVCJ9.eyJ0b2tlbl90eXBlIjoicmVmcmVzaCIsImV4cCI6MTczOTQ0Mjk0MywiaWF0IjoxNzM5MzU2NTQzLCJqdGkiOiI3YjI0MjRkZDU0YTA0OGQyYmE2YTYxZGRkYjdmYTI0ZCIsInVzZXJfaWQiOjEzfQ.EC0PCVKvEs8JqLQXRWKJXEOdqcCW4k-E7b3QkMb0n70", "created_at": "2025-02-12T10:35:43.166Z", "expires_at": "2025-02-13T10:35:43Z"}}, {"model": "token_blacklist.outstandingtoken", "pk": 35, "fields": {"user": null, "jti": "7fbe06bf730a48ffbe15764b4cbb3b18", "token": "eyJhbGciOiJIUzI1NiIsInR5cCI6IkpXVCJ9.eyJ0b2tlbl90eXBlIjoicmVmcmVzaCIsImV4cCI6MTczOTQ0Mjk1MCwiaWF0IjoxNzM5MzU2NTUwLCJqdGkiOiI3ZmJlMDZiZjczMGE0OGZmYmUxNTc2NGI0Y2JiM2IxOCIsInVzZXJfaWQiOjEzfQ.oOZvmJypEJmIWnihXn9F3TqvNfplLjh_PIJKgLphxAA", "created_at": "2025-02-12T10:35:50.377Z", "expires_at": "2025-02-13T10:35:50Z"}}, {"model": "token_blacklist.outstandingtoken", "pk": 36, "fields": {"user": null, "jti": "b5e94ea9f57d4b16896560422f44758c", "token": "eyJhbGciOiJIUzI1NiIsInR5cCI6IkpXVCJ9.eyJ0b2tlbl90eXBlIjoicmVmcmVzaCIsImV4cCI6MTczOTQ0Mjk1MSwiaWF0IjoxNzM5MzU2NTUxLCJqdGkiOiJiNWU5NGVhOWY1N2Q0YjE2ODk2NTYwNDIyZjQ0NzU4YyIsInVzZXJfaWQiOjEzfQ.UzUUsOV5YjqppnikZryqt-igJ-qLKtRHKhbjSBKuyqg", "created_at": "2025-02-12T10:35:51.711Z", "expires_at": "2025-02-13T10:35:51Z"}}, {"model": "token_blacklist.outstandingtoken", "pk": 37, "fields": {"user": null, "jti": "dcc760edccaa4d9cb071069275b21c08", "token": "eyJhbGciOiJIUzI1NiIsInR5cCI6IkpXVCJ9.eyJ0b2tlbl90eXBlIjoicmVmcmVzaCIsImV4cCI6MTczOTUxOTk1NywiaWF0IjoxNzM5NDMzNTU3LCJqdGkiOiJkY2M3NjBlZGNjYWE0ZDljYjA3MTA2OTI3NWIyMWMwOCIsInVzZXJfaWQiOjEzfQ.CrkPS8y7-TOUivsc6PbcvUQUoiPoXlh-iOZHpsaipLw", "created_at": "2025-02-13T07:59:17.760Z", "expires_at": "2025-02-14T07:59:17Z"}}, {"model": "token_blacklist.outstandingtoken", "pk": 38, "fields": {"user": null, "jti": "1bdcc142a6b64af1914ba3adff885eff", "token": "eyJhbGciOiJIUzI1NiIsInR5cCI6IkpXVCJ9.eyJ0b2tlbl90eXBlIjoicmVmcmVzaCIsImV4cCI6MTczOTUyOTM4OSwiaWF0IjoxNzM5NDQyOTg5LCJqdGkiOiIxYmRjYzE0MmE2YjY0YWYxOTE0YmEzYWRmZjg4NWVmZiIsInVzZXJfaWQiOjEzfQ.-PgmVqWaUhEjTFyqz7OzHy5GPFjI_0wnzeT5BK6g4og", "created_at": "2025-02-13T10:36:29.097Z", "expires_at": "2025-02-14T10:36:29Z"}}, {"model": "token_blacklist.outstandingtoken", "pk": 39, "fields": {"user": null, "jti": "7d1a693d453c4af390651ce375045898", "token": "eyJhbGciOiJIUzI1NiIsInR5cCI6IkpXVCJ9.eyJ0b2tlbl90eXBlIjoicmVmcmVzaCIsImV4cCI6MTczOTUyOTQwMCwiaWF0IjoxNzM5NDQzMDAwLCJqdGkiOiI3ZDFhNjkzZDQ1M2M0YWYzOTA2NTFjZTM3NTA0NTg5OCIsInVzZXJfaWQiOjEzfQ.TZkarFPoQIXGY8SmrPFL8DyqblDd8yU4fR_H8IvOEyw", "created_at": "2025-02-13T10:36:40.770Z", "expires_at": "2025-02-14T10:36:40Z"}}, {"model": "token_blacklist.outstandingtoken", "pk": 40, "fields": {"user": null, "jti": "b4577f45486a47e9b5e0ff3ec4e7e5a9", "token": "eyJhbGciOiJIUzI1NiIsInR5cCI6IkpXVCJ9.eyJ0b2tlbl90eXBlIjoicmVmcmVzaCIsImV4cCI6MTczOTUzMDA2MywiaWF0IjoxNzM5NDQzNjYzLCJqdGkiOiJiNDU3N2Y0NTQ4NmE0N2U5YjVlMGZmM2VjNGU3ZTVhOSIsInVzZXJfaWQiOjEzfQ.1rb9OvGo_Zdqol2IakU-fbzB8oVep500DFPmKdz0xJs", "created_at": "2025-02-13T10:47:43.965Z", "expires_at": "2025-02-14T10:47:43Z"}}, {"model": "token_blacklist.outstandingtoken", "pk": 41, "fields": {"user": null, "jti": "c24a2b07fdf4465da7817f7b415808bb", "token": "eyJhbGciOiJIUzI1NiIsInR5cCI6IkpXVCJ9.eyJ0b2tlbl90eXBlIjoicmVmcmVzaCIsImV4cCI6MTczOTU0MDU3MiwiaWF0IjoxNzM5NDU0MTcyLCJqdGkiOiJjMjRhMmIwN2ZkZjQ0NjVkYTc4MTdmN2I0MTU4MDhiYiIsInVzZXJfaWQiOjEzfQ.vIj67QNCW-DOD53ooEYdnw1WjnVHZ6gKMmtMU8ZqLhc", "created_at": "2025-02-13T13:42:52.960Z", "expires_at": "2025-02-14T13:42:52Z"}}, {"model": "token_blacklist.outstandingtoken", "pk": 42, "fields": {"user": null, "jti": "dffe3d01ce40496ba45d93850e2e1d86", "token": "eyJhbGciOiJIUzI1NiIsInR5cCI6IkpXVCJ9.eyJ0b2tlbl90eXBlIjoicmVmcmVzaCIsImV4cCI6MTczOTU0Mzk5NSwiaWF0IjoxNzM5NDU3NTk1LCJqdGkiOiJkZmZlM2QwMWNlNDA0OTZiYTQ1ZDkzODUwZTJlMWQ4NiIsInVzZXJfaWQiOjEzfQ.VQbX2wA1BU8F2Lm2wkKxcXmABKWmYQG_pLXkU8XUHqQ", "created_at": "2025-02-13T14:39:55.864Z", "expires_at": "2025-02-14T14:39:55Z"}}, {"model": "token_blacklist.outstandingtoken", "pk": 43, "fields": {"user": null, "jti": "a727eb1dec9547aca81d9f346df730c1", "token": "eyJhbGciOiJIUzI1NiIsInR5cCI6IkpXVCJ9.eyJ0b2tlbl90eXBlIjoicmVmcmVzaCIsImV4cCI6MTczOTU0NDEzNiwiaWF0IjoxNzM5NDU3NzM2LCJqdGkiOiJhNzI3ZWIxZGVjOTU0N2FjYTgxZDlmMzQ2ZGY3MzBjMSIsInVzZXJfaWQiOjEzfQ.7skI0E_LGJq8cRc8lgJb8n8r5Ar5PIiGN_5crs0mG1s", "created_at": "2025-02-13T14:42:16.405Z", "expires_at": "2025-02-14T14:42:16Z"}}, {"model": "token_blacklist.outstandingtoken", "pk": 44, "fields": {"user": null, "jti": "3079cf25efff46b1a4f78236dd93e227", "token": "eyJhbGciOiJIUzI1NiIsInR5cCI6IkpXVCJ9.eyJ0b2tlbl90eXBlIjoicmVmcmVzaCIsImV4cCI6MTczOTU0NDcwMSwiaWF0IjoxNzM5NDU4MzAxLCJqdGkiOiIzMDc5Y2YyNWVmZmY0NmIxYTRmNzgyMzZkZDkzZTIyNyIsInVzZXJfaWQiOjEzfQ.e7nOLMjbavE36oubwc7uVgqDXAbs_unuXSK7hT6lj0Q", "created_at": "2025-02-13T14:51:41.898Z", "expires_at": "2025-02-14T14:51:41Z"}}, {"model": "token_blacklist.outstandingtoken", "pk": 45, "fields": {"user": null, "jti": "8d5bbe7559284836bd647ec4d667e2c0", "token": "eyJhbGciOiJIUzI1NiIsInR5cCI6IkpXVCJ9.eyJ0b2tlbl90eXBlIjoicmVmcmVzaCIsImV4cCI6MTczOTYyMzk3MywiaWF0IjoxNzM5NTM3NTczLCJqdGkiOiI4ZDViYmU3NTU5Mjg0ODM2YmQ2NDdlYzRkNjY3ZTJjMCIsInVzZXJfaWQiOjEzfQ.TkjxKf3BqwsUvAbhmzMxdV56tx1KXpMHuGEhT9W6Dk8", "created_at": "2025-02-14T12:52:53.862Z", "expires_at": "2025-02-15T12:52:53Z"}}, {"model": "token_blacklist.outstandingtoken", "pk": 46, "fields": {"user": null, "jti": "257e2eae4c8c455ba61471ba56c9c8a1", "token": "eyJhbGciOiJIUzI1NiIsInR5cCI6IkpXVCJ9.eyJ0b2tlbl90eXBlIjoicmVmcmVzaCIsImV4cCI6MTczOTYyNDM5MSwiaWF0IjoxNzM5NTM3OTkxLCJqdGkiOiIyNTdlMmVhZTRjOGM0NTViYTYxNDcxYmE1NmM5YzhhMSIsInVzZXJfaWQiOjEzfQ.zWGeuZ3Q8Ebna5eAm7b6LauhB8fPMzI726QX4IyoRog", "created_at": "2025-02-14T12:59:51.546Z", "expires_at": "2025-02-15T12:59:51Z"}}, {"model": "token_blacklist.outstandingtoken", "pk": 47, "fields": {"user": null, "jti": "5428629958bb4e5db4d83b292fc7e5b4", "token": "eyJhbGciOiJIUzI1NiIsInR5cCI6IkpXVCJ9.eyJ0b2tlbl90eXBlIjoicmVmcmVzaCIsImV4cCI6MTczOTYyNjA4NSwiaWF0IjoxNzM5NTM5Njg1LCJqdGkiOiI1NDI4NjI5OTU4YmI0ZTVkYjRkODNiMjkyZmM3ZTViNCIsInVzZXJfaWQiOjEzfQ.pAuECZFa5V-LkVDIGmIya8cHHhntsJC9iXizQ_7310E", "created_at": "2025-02-14T13:28:05.698Z", "expires_at": "2025-02-15T13:28:05Z"}}, {"model": "token_blacklist.outstandingtoken", "pk": 48, "fields": {"user": null, "jti": "452ab7d74b7042fc93d4a2dbbc884672", "token": "eyJhbGciOiJIUzI1NiIsInR5cCI6IkpXVCJ9.eyJ0b2tlbl90eXBlIjoicmVmcmVzaCIsImV4cCI6MTczOTYyNjQxNiwiaWF0IjoxNzM5NTQwMDE2LCJqdGkiOiI0NTJhYjdkNzRiNzA0MmZjOTNkNGEyZGJiYzg4NDY3MiIsInVzZXJfaWQiOjEzfQ.8skLBnzlhl-z7m6Vgs6eMg4dV3VPywMwK7kvU60gGqU", "created_at": "2025-02-14T13:33:36.677Z", "expires_at": "2025-02-15T13:33:36Z"}}, {"model": "token_blacklist.outstandingtoken", "pk": 49, "fields": {"user": null, "jti": "3eb25e5f058d4077a40cf3fe6c4fc9c2", "token": "eyJhbGciOiJIUzI1NiIsInR5cCI6IkpXVCJ9.eyJ0b2tlbl90eXBlIjoicmVmcmVzaCIsImV4cCI6MTczOTYyNzI0MCwiaWF0IjoxNzM5NTQwODQwLCJqdGkiOiIzZWIyNWU1ZjA1OGQ0MDc3YTQwY2YzZmU2YzRmYzljMiIsInVzZXJfaWQiOjEzfQ.Nw-7ttzNTAIcj9ljTMwShSLbJQql2-kADsqmkFWT0aw", "created_at": "2025-02-14T13:47:20.652Z", "expires_at": "2025-02-15T13:47:20Z"}}, {"model": "token_blacklist.outstandingtoken", "pk": 50, "fields": {"user": null, "jti": "8a270a85a7ee4655b4cbb3c4628bf479", "token": "eyJhbGciOiJIUzI1NiIsInR5cCI6IkpXVCJ9.eyJ0b2tlbl90eXBlIjoicmVmcmVzaCIsImV4cCI6MTczOTYyNzU1NCwiaWF0IjoxNzM5NTQxMTU0LCJqdGkiOiI4YTI3MGE4NWE3ZWU0NjU1YjRjYmIzYzQ2MjhiZjQ3OSIsInVzZXJfaWQiOjEzfQ.-CR4Dx68QEq1bDiAYvUoc0Jis_d6gia-PsqzpeSZFwc", "created_at": "2025-02-14T13:52:34.062Z", "expires_at": "2025-02-15T13:52:34Z"}}, {"model": "token_blacklist.outstandingtoken", "pk": 51, "fields": {"user": null, "jti": "0d6ec942984b42a29bd7f410ee611abc", "token": "eyJhbGciOiJIUzI1NiIsInR5cCI6IkpXVCJ9.eyJ0b2tlbl90eXBlIjoicmVmcmVzaCIsImV4cCI6MTczOTYyNzk3NCwiaWF0IjoxNzM5NTQxNTc0LCJqdGkiOiIwZDZlYzk0Mjk4NGI0MmEyOWJkN2Y0MTBlZTYxMWFiYyIsInVzZXJfaWQiOjEzfQ._nyj7kBvRJzCVD9MgK2_OXl8n9xHQ5ZCWGQvQzDPv_I", "created_at": "2025-02-14T13:59:34.712Z", "expires_at": "2025-02-15T13:59:34Z"}}, {"model": "token_blacklist.outstandingtoken", "pk": 52, "fields": {"user": null, "jti": "8d100fd9a7d5468aaf5994e9e432454a", "token": "eyJhbGciOiJIUzI1NiIsInR5cCI6IkpXVCJ9.eyJ0b2tlbl90eXBlIjoicmVmcmVzaCIsImV4cCI6MTczOTYyODI5MiwiaWF0IjoxNzM5NTQxODkyLCJqdGkiOiI4ZDEwMGZkOWE3ZDU0NjhhYWY1OTk0ZTllNDMyNDU0YSIsInVzZXJfaWQiOjEzfQ.FdK2FQjq16oBTBTJMKVcux0cfd0ZZj6REKdAwE21sdk", "created_at": "2025-02-14T14:04:52.482Z", "expires_at": "2025-02-15T14:04:52Z"}}, {"model": "token_blacklist.outstandingtoken", "pk": 53, "fields": {"user": null, "jti": "d8ad0e40072a4c9ca65f9dea98a868ee", "token": "eyJhbGciOiJIUzI1NiIsInR5cCI6IkpXVCJ9.eyJ0b2tlbl90eXBlIjoicmVmcmVzaCIsImV4cCI6MTczOTYzMDM4NywiaWF0IjoxNzM5NTQzOTg3LCJqdGkiOiJkOGFkMGU0MDA3MmE0YzljYTY1ZjlkZWE5OGE4NjhlZSIsInVzZXJfaWQiOjEzfQ.JcNNlaiT1doHGQuTwC64MvZl66oFs0KlXtBkTde61Rs", "created_at": "2025-02-14T14:39:47.083Z", "expires_at": "2025-02-15T14:39:47Z"}}, {"model": "token_blacklist.outstandingtoken", "pk": 54, "fields": {"user": null, "jti": "766448506bb44c678900f1a5d51baf94", "token": "eyJhbGciOiJIUzI1NiIsInR5cCI6IkpXVCJ9.eyJ0b2tlbl90eXBlIjoicmVmcmVzaCIsImV4cCI6MTczOTYzMDUwMSwiaWF0IjoxNzM5NTQ0MTAxLCJqdGkiOiI3NjY0NDg1MDZiYjQ0YzY3ODkwMGYxYTVkNTFiYWY5NCIsInVzZXJfaWQiOjEzfQ.sAYTo4zTnol_kTmC2O4vKXvDBYh_DdrREpnaQthiA5U", "created_at": "2025-02-14T14:41:41.990Z", "expires_at": "2025-02-15T14:41:41Z"}}, {"model": "token_blacklist.outstandingtoken", "pk": 55, "fields": {"user": null, "jti": "ffb9cb6542584bda82914550b776b32e", "token": "eyJhbGciOiJIUzI1NiIsInR5cCI6IkpXVCJ9.eyJ0b2tlbl90eXBlIjoicmVmcmVzaCIsImV4cCI6MTczOTYzMDUzNSwiaWF0IjoxNzM5NTQ0MTM1LCJqdGkiOiJmZmI5Y2I2NTQyNTg0YmRhODI5MTQ1NTBiNzc2YjMyZSIsInVzZXJfaWQiOjEzfQ.qRFg9_1eZ6_59W0qD8pQfTBN7zRp6Qx8iIPMRTlNagc", "created_at": "2025-02-14T14:42:15.932Z", "expires_at": "2025-02-15T14:42:15Z"}}, {"model": "token_blacklist.outstandingtoken", "pk": 56, "fields": {"user": null, "jti": "8c5e1737d1a14e889a4e836804b55c23", "token": "eyJhbGciOiJIUzI1NiIsInR5cCI6IkpXVCJ9.eyJ0b2tlbl90eXBlIjoicmVmcmVzaCIsImV4cCI6MTczOTYzMTA4NiwiaWF0IjoxNzM5NTQ0Njg2LCJqdGkiOiI4YzVlMTczN2QxYTE0ZTg4OWE0ZTgzNjgwNGI1NWMyMyIsInVzZXJfaWQiOjEzfQ.3SLRlqbpArkSqccDdH06VSxcVad_nSl_-ybQlzFdqpo", "created_at": "2025-02-14T14:51:26.607Z", "expires_at": "2025-02-15T14:51:26Z"}}, {"model": "token_blacklist.outstandingtoken", "pk": 57, "fields": {"user": null, "jti": "08894abafbf44b0092cff8c79e2e58b1", "token": "eyJhbGciOiJIUzI1NiIsInR5cCI6IkpXVCJ9.eyJ0b2tlbl90eXBlIjoicmVmcmVzaCIsImV4cCI6MTczOTYzMTEwNCwiaWF0IjoxNzM5NTQ0NzA0LCJqdGkiOiIwODg5NGFiYWZiZjQ0YjAwOTJjZmY4Yzc5ZTJlNThiMSIsInVzZXJfaWQiOjEzfQ.7zfNyOufWudaVv7UFcQHp8UrcwIRxs8VeQ-cOzgcCEE", "created_at": "2025-02-14T14:51:44.678Z", "expires_at": "2025-02-15T14:51:44Z"}}, {"model": "token_blacklist.outstandingtoken", "pk": 58, "fields": {"user": null, "jti": "0b2b636ae6fe4c539b06713a71694757", "token": "eyJhbGciOiJIUzI1NiIsInR5cCI6IkpXVCJ9.eyJ0b2tlbl90eXBlIjoicmVmcmVzaCIsImV4cCI6MTczOTYzMTIwMSwiaWF0IjoxNzM5NTQ0ODAxLCJqdGkiOiIwYjJiNjM2YWU2ZmU0YzUzOWIwNjcxM2E3MTY5NDc1NyIsInVzZXJfaWQiOjEzfQ.VXz1-azPyzxEQtVwKsQQxqxVPd1oEhGwzoOGmT3UI0g", "created_at": "2025-02-14T14:53:21.457Z", "expires_at": "2025-02-15T14:53:21Z"}}, {"model": "token_blacklist.outstandingtoken", "pk": 59, "fields": {"user": null, "jti": "1d53fe7372604ca589015b8cd949651b", "token": "eyJhbGciOiJIUzI1NiIsInR5cCI6IkpXVCJ9.eyJ0b2tlbl90eXBlIjoicmVmcmVzaCIsImV4cCI6MTczOTYzMTU2OSwiaWF0IjoxNzM5NTQ1MTY5LCJqdGkiOiIxZDUzZmU3MzcyNjA0Y2E1ODkwMTViOGNkOTQ5NjUxYiIsInVzZXJfaWQiOjEzfQ.6b13eR3pr1tLz-pU-pL8fsh6JaH5fUlccXmHnFTZppg", "created_at": "2025-02-14T14:59:29.232Z", "expires_at": "2025-02-15T14:59:29Z"}}, {"model": "token_blacklist.outstandingtoken", "pk": 60, "fields": {"user": null, "jti": "430285c65d1448f194091f88a3d4373d", "token": "eyJhbGciOiJIUzI1NiIsInR5cCI6IkpXVCJ9.eyJ0b2tlbl90eXBlIjoicmVmcmVzaCIsImV4cCI6MTczOTYzMjAxMiwiaWF0IjoxNzM5NTQ1NjEyLCJqdGkiOiI0MzAyODVjNjVkMTQ0OGYxOTQwOTFmODhhM2Q0MzczZCIsInVzZXJfaWQiOjEzfQ.HGVWzntfmW3r5Al8rz7fLgaPeZoMx-C3Cn6wnHJvRPk", "created_at": "2025-02-14T15:06:52.966Z", "expires_at": "2025-02-15T15:06:52Z"}}, {"model": "token_blacklist.outstandingtoken", "pk": 61, "fields": {"user": null, "jti": "1fb0e729d1014af2a06c8ef406861461", "token": "eyJhbGciOiJIUzI1NiIsInR5cCI6IkpXVCJ9.eyJ0b2tlbl90eXBlIjoicmVmcmVzaCIsImV4cCI6MTczOTYzMjE1MCwiaWF0IjoxNzM5NTQ1NzUwLCJqdGkiOiIxZmIwZTcyOWQxMDE0YWYyYTA2YzhlZjQwNjg2MTQ2MSIsInVzZXJfaWQiOjEzfQ.xmRR8oI0som6D1pSDnxle-KqKI_K2AFCrpM4bcG9WkM", "created_at": "2025-02-14T15:09:10.293Z", "expires_at": "2025-02-15T15:09:10Z"}}, {"model": "token_blacklist.outstandingtoken", "pk": 62, "fields": {"user": null, "jti": "840f442fec3440488a79f1f465187168", "token": "eyJhbGciOiJIUzI1NiIsInR5cCI6IkpXVCJ9.eyJ0b2tlbl90eXBlIjoicmVmcmVzaCIsImV4cCI6MTczOTg4NTA3OCwiaWF0IjoxNzM5Nzk4Njc4LCJqdGkiOiI4NDBmNDQyZmVjMzQ0MDQ4OGE3OWYxZjQ2NTE4NzE2OCIsInVzZXJfaWQiOjEzfQ.5puvK_waKM0SVzump56N4yu7zeTNwYeMdDv9zxJ00H8", "created_at": "2025-02-17T13:24:38.739Z", "expires_at": "2025-02-18T13:24:38Z"}}, {"model": "token_blacklist.outstandingtoken", "pk": 63, "fields": {"user": null, "jti": "8d503067670e49ac8b19cd5d1cb59e7e", "token": "eyJhbGciOiJIUzI1NiIsInR5cCI6IkpXVCJ9.eyJ0b2tlbl90eXBlIjoicmVmcmVzaCIsImV4cCI6MTczOTg4NTMwMSwiaWF0IjoxNzM5Nzk4OTAxLCJqdGkiOiI4ZDUwMzA2NzY3MGU0OWFjOGIxOWNkNWQxY2I1OWU3ZSIsInVzZXJfaWQiOjEzfQ.BmI60hsVqEce0nBfw13NjE6mg364EQfpWneA8gQUacY", "created_at": "2025-02-17T13:28:21.197Z", "expires_at": "2025-02-18T13:28:21Z"}}, {"model": "token_blacklist.outstandingtoken", "pk": 64, "fields": {"user": null, "jti": "22f36c9cbdb44d2f84f2707fabc49a3a", "token": "eyJhbGciOiJIUzI1NiIsInR5cCI6IkpXVCJ9.eyJ0b2tlbl90eXBlIjoicmVmcmVzaCIsImV4cCI6MTczOTg4NTMzMCwiaWF0IjoxNzM5Nzk4OTMwLCJqdGkiOiIyMmYzNmM5Y2JkYjQ0ZDJmODRmMjcwN2ZhYmM0OWEzYSIsInVzZXJfaWQiOjEzfQ.g2L1nxSpLQ12riR5M1XRchbk3Mpd-0cceQ-0K_5F0mw", "created_at": "2025-02-17T13:28:50.124Z", "expires_at": "2025-02-18T13:28:50Z"}}, {"model": "token_blacklist.outstandingtoken", "pk": 65, "fields": {"user": null, "jti": "a6d261bb079742baa75dcaece9b9a4da", "token": "eyJhbGciOiJIUzI1NiIsInR5cCI6IkpXVCJ9.eyJ0b2tlbl90eXBlIjoicmVmcmVzaCIsImV4cCI6MTczOTg4NTUyMCwiaWF0IjoxNzM5Nzk5MTIwLCJqdGkiOiJhNmQyNjFiYjA3OTc0MmJhYTc1ZGNhZWNlOWI5YTRkYSIsInVzZXJfaWQiOjEzfQ.axkBRkAdwU5wFrfQMdNYIlgat9pMyqlk8_fWBltX2DE", "created_at": "2025-02-17T13:32:00.734Z", "expires_at": "2025-02-18T13:32:00Z"}}, {"model": "token_blacklist.outstandingtoken", "pk": 66, "fields": {"user": null, "jti": "1911c9c15c844a568ca72fbd59900135", "token": "eyJhbGciOiJIUzI1NiIsInR5cCI6IkpXVCJ9.eyJ0b2tlbl90eXBlIjoicmVmcmVzaCIsImV4cCI6MTczOTg4NTU0MiwiaWF0IjoxNzM5Nzk5MTQyLCJqdGkiOiIxOTExYzljMTVjODQ0YTU2OGNhNzJmYmQ1OTkwMDEzNSIsInVzZXJfaWQiOjEzfQ.PMkHoKMXfnywCD7df6wKbG4FRmDfKWo6jvpCha_WauE", "created_at": "2025-02-17T13:32:22.432Z", "expires_at": "2025-02-18T13:32:22Z"}}, {"model": "token_blacklist.outstandingtoken", "pk": 67, "fields": {"user": null, "jti": "6aec6e4c6c4d4492aee25c89fcceae8a", "token": "eyJhbGciOiJIUzI1NiIsInR5cCI6IkpXVCJ9.eyJ0b2tlbl90eXBlIjoicmVmcmVzaCIsImV4cCI6MTczOTg4NTk4NiwiaWF0IjoxNzM5Nzk5NTg2LCJqdGkiOiI2YWVjNmU0YzZjNGQ0NDkyYWVlMjVjODlmY2NlYWU4YSIsInVzZXJfaWQiOjEzfQ.P34a4wc0DgUPVUUQNjjn9q8bOs2ekJiJS0kSZu5BezM", "created_at": "2025-02-17T13:39:46.227Z", "expires_at": "2025-02-18T13:39:46Z"}}, {"model": "token_blacklist.outstandingtoken", "pk": 68, "fields": {"user": null, "jti": "06096760960048ca9a55843c03ead9cf", "token": "eyJhbGciOiJIUzI1NiIsInR5cCI6IkpXVCJ9.eyJ0b2tlbl90eXBlIjoicmVmcmVzaCIsImV4cCI6MTczOTg4NjI0MiwiaWF0IjoxNzM5Nzk5ODQyLCJqdGkiOiIwNjA5Njc2MDk2MDA0OGNhOWE1NTg0M2MwM2VhZDljZiIsInVzZXJfaWQiOjEzfQ.1-JEFLYddcWYAM5SUP-4tZ1PWXa-GGxWdxJUWYoD1JY", "created_at": "2025-02-17T13:44:02.808Z", "expires_at": "2025-02-18T13:44:02Z"}}, {"model": "token_blacklist.outstandingtoken", "pk": 69, "fields": {"user": null, "jti": "46a825f4dc4a4827858599ab2d46ca81", "token": "eyJhbGciOiJIUzI1NiIsInR5cCI6IkpXVCJ9.eyJ0b2tlbl90eXBlIjoicmVmcmVzaCIsImV4cCI6MTczOTg4NjkxMSwiaWF0IjoxNzM5ODAwNTExLCJqdGkiOiI0NmE4MjVmNGRjNGE0ODI3ODU4NTk5YWIyZDQ2Y2E4MSIsInVzZXJfaWQiOjEzfQ.xSxcOBjjZKpeoomLfoZyOKKvYyHzBLGW7hZtqbJjAXc", "created_at": "2025-02-17T13:55:11.988Z", "expires_at": "2025-02-18T13:55:11Z"}}, {"model": "token_blacklist.outstandingtoken", "pk": 70, "fields": {"user": null, "jti": "336a870a953941618a238a910bbe78b0", "token": "eyJhbGciOiJIUzI1NiIsInR5cCI6IkpXVCJ9.eyJ0b2tlbl90eXBlIjoicmVmcmVzaCIsImV4cCI6MTczOTg4NzA4OCwiaWF0IjoxNzM5ODAwNjg4LCJqdGkiOiIzMzZhODcwYTk1Mzk0MTYxOGEyMzhhOTEwYmJlNzhiMCIsInVzZXJfaWQiOjEzfQ.GUGC-TCLnZHfXSIiXg5cExfs9JFgKmjklyCqJYMsYoQ", "created_at": "2025-02-17T13:58:08.266Z", "expires_at": "2025-02-18T13:58:08Z"}}, {"model": "token_blacklist.outstandingtoken", "pk": 71, "fields": {"user": null, "jti": "970df94ddace42c9abb5a5a453cf0020", "token": "eyJhbGciOiJIUzI1NiIsInR5cCI6IkpXVCJ9.eyJ0b2tlbl90eXBlIjoicmVmcmVzaCIsImV4cCI6MTczOTk3ODY3NSwiaWF0IjoxNzM5ODkyMjc1LCJqdGkiOiI5NzBkZjk0ZGRhY2U0MmM5YWJiNWE1YTQ1M2NmMDAyMCIsInVzZXJfaWQiOjEzfQ.AzhfK0lGYSBhEHrx56NW_z5ybc3L1KxiCRIAyeniUF8", "created_at": "2025-02-18T15:24:35.872Z", "expires_at": "2025-02-19T15:24:35Z"}}, {"model": "token_blacklist.outstandingtoken", "pk": 72, "fields": {"user": null, "jti": "1becbcb1ff624885ad2eeb4b217ccc7f", "token": "eyJhbGciOiJIUzI1NiIsInR5cCI6IkpXVCJ9.eyJ0b2tlbl90eXBlIjoicmVmcmVzaCIsImV4cCI6MTczOTk3OTEwNiwiaWF0IjoxNzM5ODkyNzA2LCJqdGkiOiIxYmVjYmNiMWZmNjI0ODg1YWQyZWViNGIyMTdjY2M3ZiIsInVzZXJfaWQiOjEzfQ.C27RgZuN6AI5RMSBHciWlxJ1NEYiscyrf46FFPtVgTc", "created_at": "2025-02-18T15:31:46.049Z", "expires_at": "2025-02-19T15:31:46Z"}}, {"model": "token_blacklist.outstandingtoken", "pk": 73, "fields": {"user": 15, "jti": "b854921484074c1c9a988b7920ade837", "token": "eyJhbGciOiJIUzI1NiIsInR5cCI6IkpXVCJ9.eyJ0b2tlbl90eXBlIjoicmVmcmVzaCIsImV4cCI6MTczOTk3OTU5MiwiaWF0IjoxNzM5ODkzMTkyLCJqdGkiOiJiODU0OTIxNDg0MDc0YzFjOWE5ODhiNzkyMGFkZTgzNyIsInVzZXJfaWQiOjE1fQ.6tZX5k38R6UYdzIrbvmVJ5XcJ_ltnPqxPjfQ4UgH07Q", "created_at": "2025-02-18T15:39:52.600Z", "expires_at": "2025-02-19T15:39:52Z"}}, {"model": "token_blacklist.outstandingtoken", "pk": 74, "fields": {"user": 15, "jti": "8228f113906d44398d0ed1f7cdd00013", "token": "eyJhbGciOiJIUzI1NiIsInR5cCI6IkpXVCJ9.eyJ0b2tlbl90eXBlIjoicmVmcmVzaCIsImV4cCI6MTc0MDIxNzkyNCwiaWF0IjoxNzQwMTMxNTI0LCJqdGkiOiI4MjI4ZjExMzkwNmQ0NDM5OGQwZWQxZjdjZGQwMDAxMyIsInVzZXJfaWQiOjE1fQ.-Q4dIeyxgguKjYGP33cLkz0Dsx57GMd2Tg1Tib0Kvw4", "created_at": "2025-02-21T09:52:04.671Z", "expires_at": "2025-02-22T09:52:04Z"}}, {"model": "token_blacklist.outstandingtoken", "pk": 75, "fields": {"user": 15, "jti": "684d16de38a241e3850833323374dc1a", "token": "eyJhbGciOiJIUzI1NiIsInR5cCI6IkpXVCJ9.eyJ0b2tlbl90eXBlIjoicmVmcmVzaCIsImV4cCI6MTc0MDIyMDg1MCwiaWF0IjoxNzQwMTM0NDUwLCJqdGkiOiI2ODRkMTZkZTM4YTI0MWUzODUwODMzMzIzMzc0ZGMxYSIsInVzZXJfaWQiOjE1fQ.yiIfV77hLMbZMyWnhzKy2yFf8MIJ9DxX5adtAnWqMxo", "created_at": "2025-02-21T10:40:50.019Z", "expires_at": "2025-02-22T10:40:50Z"}}, {"model": "token_blacklist.outstandingtoken", "pk": 76, "fields": {"user": 15, "jti": "68a0a3491eee4e87a496db9e73306313", "token": "eyJhbGciOiJIUzI1NiIsInR5cCI6IkpXVCJ9.eyJ0b2tlbl90eXBlIjoicmVmcmVzaCIsImV4cCI6MTc0MDIzNDc2OSwiaWF0IjoxNzQwMTQ4MzY5LCJqdGkiOiI2OGEwYTM0OTFlZWU0ZTg3YTQ5NmRiOWU3MzMwNjMxMyIsInVzZXJfaWQiOjE1fQ.aaEvOGpdJ2OWIq2TXoJxFPjSK9N9yWllP_TIG_AzzmQ", "created_at": "2025-02-21T14:32:49.642Z", "expires_at": "2025-02-22T14:32:49Z"}}, {"model": "token_blacklist.outstandingtoken", "pk": 77, "fields": {"user": 15, "jti": "0498ae385aa24d2f82ea84990a0a426f", "token": "eyJhbGciOiJIUzI1NiIsInR5cCI6IkpXVCJ9.eyJ0b2tlbl90eXBlIjoicmVmcmVzaCIsImV4cCI6MTc0MDQ3ODY2OCwiaWF0IjoxNzQwMzkyMjY4LCJqdGkiOiIwNDk4YWUzODVhYTI0ZDJmODJlYTg0OTkwYTBhNDI2ZiIsInVzZXJfaWQiOjE1fQ.D6orHIIU8sTCWsG8PgYdn6Ttoi_DpTw928af1q4_F_0", "created_at": "2025-02-24T10:17:48.964Z", "expires_at": "2025-02-25T10:17:48Z"}}, {"model": "token_blacklist.outstandingtoken", "pk": 78, "fields": {"user": 15, "jti": "32588266788a4391ae37dd7274235086", "token": "eyJhbGciOiJIUzI1NiIsInR5cCI6IkpXVCJ9.eyJ0b2tlbl90eXBlIjoicmVmcmVzaCIsImV4cCI6MTc0MDQ3OTg1NiwiaWF0IjoxNzQwMzkzNDU2LCJqdGkiOiIzMjU4ODI2Njc4OGE0MzkxYWUzN2RkNzI3NDIzNTA4NiIsInVzZXJfaWQiOjE1fQ.Q9BR0gphlzEcFbjDe3T5aTKs0EJCY_avKBR5wyie-Us", "created_at": "2025-02-24T10:37:36.397Z", "expires_at": "2025-02-25T10:37:36Z"}}, {"model": "token_blacklist.outstandingtoken", "pk": 79, "fields": {"user": 15, "jti": "03bf2243a5b8449da82d0192510fb2b9", "token": "eyJhbGciOiJIUzI1NiIsInR5cCI6IkpXVCJ9.eyJ0b2tlbl90eXBlIjoicmVmcmVzaCIsImV4cCI6MTc0MDQ4MDIxMywiaWF0IjoxNzQwMzkzODEzLCJqdGkiOiIwM2JmMjI0M2E1Yjg0NDlkYTgyZDAxOTI1MTBmYjJiOSIsInVzZXJfaWQiOjE1fQ.E26e8e0AqXz3eufEvFZn654TmTo-FdYI5roC43q5vmo", "created_at": "2025-02-24T10:43:33.020Z", "expires_at": "2025-02-25T10:43:33Z"}}, {"model": "token_blacklist.outstandingtoken", "pk": 80, "fields": {"user": 15, "jti": "0c91318c01404d7a9bfd1000f29d5f52", "token": "eyJhbGciOiJIUzI1NiIsInR5cCI6IkpXVCJ9.eyJ0b2tlbl90eXBlIjoicmVmcmVzaCIsImV4cCI6MTc0MDQ4MDI3MSwiaWF0IjoxNzQwMzkzODcxLCJqdGkiOiIwYzkxMzE4YzAxNDA0ZDdhOWJmZDEwMDBmMjlkNWY1MiIsInVzZXJfaWQiOjE1fQ.gs4-ySBlthP4mVTgUejA_VMSwhPuIG0UFszgNo28SCI", "created_at": "2025-02-24T10:44:31.725Z", "expires_at": "2025-02-25T10:44:31Z"}}, {"model": "token_blacklist.outstandingtoken", "pk": 81, "fields": {"user": 15, "jti": "e2e6fa258d0f49b49ea062549bf7f0f6", "token": "eyJhbGciOiJIUzI1NiIsInR5cCI6IkpXVCJ9.eyJ0b2tlbl90eXBlIjoicmVmcmVzaCIsImV4cCI6MTc0MDQ4MDU1NCwiaWF0IjoxNzQwMzk0MTU0LCJqdGkiOiJlMmU2ZmEyNThkMGY0OWI0OWVhMDYyNTQ5YmY3ZjBmNiIsInVzZXJfaWQiOjE1fQ.X7nzbZBVAfJh2v-EpRGNuXDQaZGkQ2sSoKzeFSSasZE", "created_at": "2025-02-24T10:49:14.713Z", "expires_at": "2025-02-25T10:49:14Z"}}, {"model": "token_blacklist.outstandingtoken", "pk": 82, "fields": {"user": 15, "jti": "56c0ee36f093498cab46dcadb65dc6f5", "token": "eyJhbGciOiJIUzI1NiIsInR5cCI6IkpXVCJ9.eyJ0b2tlbl90eXBlIjoicmVmcmVzaCIsImV4cCI6MTc0MDQ4MTE1MywiaWF0IjoxNzQwMzk0NzUzLCJqdGkiOiI1NmMwZWUzNmYwOTM0OThjYWI0NmRjYWRiNjVkYzZmNSIsInVzZXJfaWQiOjE1fQ.xxbb_w-TNynrBTaLZTjZXEWvPEQiOO2nyojpujEE_OE", "created_at": "2025-02-24T10:59:13.556Z", "expires_at": "2025-02-25T10:59:13Z"}}, {"model": "token_blacklist.outstandingtoken", "pk": 83, "fields": {"user": 15, "jti": "2ee65ffb992844b9936e54874f15e430", "token": "eyJhbGciOiJIUzI1NiIsInR5cCI6IkpXVCJ9.eyJ0b2tlbl90eXBlIjoicmVmcmVzaCIsImV4cCI6MTc0MDQ4ODYxOCwiaWF0IjoxNzQwNDAyMjE4LCJqdGkiOiIyZWU2NWZmYjk5Mjg0NGI5OTM2ZTU0ODc0ZjE1ZTQzMCIsInVzZXJfaWQiOjE1fQ.VY2SScLaxy-29XV158sW5_KJeikwwmRzWbzYlWP6Vt0", "created_at": "2025-02-24T13:03:38.220Z", "expires_at": "2025-02-25T13:03:38Z"}}, {"model": "token_blacklist.outstandingtoken", "pk": 84, "fields": {"user": 15, "jti": "b3a3c4b836824cfab65527e97b6ba4c5", "token": "eyJhbGciOiJIUzI1NiIsInR5cCI6IkpXVCJ9.eyJ0b2tlbl90eXBlIjoicmVmcmVzaCIsImV4cCI6MTc0MDU2NjY0MywiaWF0IjoxNzQwNDgwMjQzLCJqdGkiOiJiM2EzYzRiODM2ODI0Y2ZhYjY1NTI3ZTk3YjZiYTRjNSIsInVzZXJfaWQiOjE1fQ.oCYAyWQwNO6ifemsF9WOjpjqEjQTijdCTTrXMSeB5VM", "created_at": "2025-02-25T10:44:03.020Z", "expires_at": "2025-02-26T10:44:03Z"}}, {"model": "token_blacklist.outstandingtoken", "pk": 85, "fields": {"user": 15, "jti": "2f06234f31e94bae9fc76096304d01aa", "token": "eyJhbGciOiJIUzI1NiIsInR5cCI6IkpXVCJ9.eyJ0b2tlbl90eXBlIjoicmVmcmVzaCIsImV4cCI6MTc0MDU4MjkwMiwiaWF0IjoxNzQwNDk2NTAyLCJqdGkiOiIyZjA2MjM0ZjMxZTk0YmFlOWZjNzYwOTYzMDRkMDFhYSIsInVzZXJfaWQiOjE1fQ.S4BCrF_1v16QO7H9q1ftjCYsTedGoBnxGzd_0elxXLE", "created_at": "2025-02-25T15:15:02.950Z", "expires_at": "2025-02-26T15:15:02Z"}}, {"model": "token_blacklist.outstandingtoken", "pk": 86, "fields": {"user": 15, "jti": "790bdd85f4ba4db0be135194adaf4b8d", "token": "eyJhbGciOiJIUzI1NiIsInR5cCI6IkpXVCJ9.eyJ0b2tlbl90eXBlIjoicmVmcmVzaCIsImV4cCI6MTc0MDU4MzgxMSwiaWF0IjoxNzQwNDk3NDExLCJqdGkiOiI3OTBiZGQ4NWY0YmE0ZGIwYmUxMzUxOTRhZGFmNGI4ZCIsInVzZXJfaWQiOjE1fQ.ighgnnvwggYWGitZFVDdgj3FGAYsVdCP8Rgt11tofb8", "created_at": "2025-02-25T15:30:11.978Z", "expires_at": "2025-02-26T15:30:11Z"}}, {"model": "token_blacklist.outstandingtoken", "pk": 87, "fields": {"user": 15, "jti": "619a19a88d09489c9bd24f3e2f57924e", "token": "eyJhbGciOiJIUzI1NiIsInR5cCI6IkpXVCJ9.eyJ0b2tlbl90eXBlIjoicmVmcmVzaCIsImV4cCI6MTc0MDU4NDYzOCwiaWF0IjoxNzQwNDk4MjM4LCJqdGkiOiI2MTlhMTlhODhkMDk0ODljOWJkMjRmM2UyZjU3OTI0ZSIsInVzZXJfaWQiOjE1fQ.YMxWNK81Zmqwlrw9tVD31UQBBvSx11SAU4IXDZaIDag", "created_at": "2025-02-25T15:43:58.270Z", "expires_at": "2025-02-26T15:43:58Z"}}, {"model": "token_blacklist.outstandingtoken", "pk": 88, "fields": {"user": 15, "jti": "77fca1eb0f364566bbc754e8e0b4348b", "token": "eyJhbGciOiJIUzI1NiIsInR5cCI6IkpXVCJ9.eyJ0b2tlbl90eXBlIjoicmVmcmVzaCIsImV4cCI6MTc0MDU4NTc3NCwiaWF0IjoxNzQwNDk5Mzc0LCJqdGkiOiI3N2ZjYTFlYjBmMzY0NTY2YmJjNzU0ZThlMGI0MzQ4YiIsInVzZXJfaWQiOjE1fQ.7Z0Zdr7MbcKf5pG0tu0STjxXyDYHXwQpzq0TwBy7N-s", "created_at": "2025-02-25T16:02:54.552Z", "expires_at": "2025-02-26T16:02:54Z"}}, {"model": "token_blacklist.outstandingtoken", "pk": 89, "fields": {"user": 15, "jti": "f6d40d2e303049eaa1a400291f56c3af", "token": "eyJhbGciOiJIUzI1NiIsInR5cCI6IkpXVCJ9.eyJ0b2tlbl90eXBlIjoicmVmcmVzaCIsImV4cCI6MTc0MDU4NjIxMywiaWF0IjoxNzQwNDk5ODEzLCJqdGkiOiJmNmQ0MGQyZTMwMzA0OWVhYTFhNDAwMjkxZjU2YzNhZiIsInVzZXJfaWQiOjE1fQ.YC7LF3VRiVG_7k4l4RpuoYu60Fj5m1c2V4KeZYg_ojc", "created_at": "2025-02-25T16:10:13.704Z", "expires_at": "2025-02-26T16:10:13Z"}}, {"model": "token_blacklist.outstandingtoken", "pk": 90, "fields": {"user": 15, "jti": "75e87838b4c04dc8a0945e5e83e2e0cc", "token": "eyJhbGciOiJIUzI1NiIsInR5cCI6IkpXVCJ9.eyJ0b2tlbl90eXBlIjoicmVmcmVzaCIsImV4cCI6MTc0MDU4NjczNiwiaWF0IjoxNzQwNTAwMzM2LCJqdGkiOiI3NWU4NzgzOGI0YzA0ZGM4YTA5NDVlNWU4M2UyZTBjYyIsInVzZXJfaWQiOjE1fQ.sRZNfAHjLzPiQXhuF8RShjESzrKSPCVWKjpyWTre2Uk", "created_at": "2025-02-25T16:18:56.996Z", "expires_at": "2025-02-26T16:18:56Z"}}, {"model": "token_blacklist.outstandingtoken", "pk": 91, "fields": {"user": 15, "jti": "9d5be2b577454af591b02af6252aa965", "token": "eyJhbGciOiJIUzI1NiIsInR5cCI6IkpXVCJ9.eyJ0b2tlbl90eXBlIjoicmVmcmVzaCIsImV4cCI6MTc0MDcyODEyMiwiaWF0IjoxNzQwNjQxNzIyLCJqdGkiOiI5ZDViZTJiNTc3NDU0YWY1OTFiMDJhZjYyNTJhYTk2NSIsInVzZXJfaWQiOjE1fQ.26RqmzkbykS_IVhUS1Kd8ney4zHGOvKy9ZroiMhFsgs", "created_at": "2025-02-27T07:35:22.193Z", "expires_at": "2025-02-28T07:35:22Z"}}, {"model": "token_blacklist.outstandingtoken", "pk": 92, "fields": {"user": 15, "jti": "d3f5b9ce1b74482aa9f48bea2598bea2", "token": "eyJhbGciOiJIUzI1NiIsInR5cCI6IkpXVCJ9.eyJ0b2tlbl90eXBlIjoicmVmcmVzaCIsImV4cCI6MTc0MDcyODEzNCwiaWF0IjoxNzQwNjQxNzM0LCJqdGkiOiJkM2Y1YjljZTFiNzQ0ODJhYTlmNDhiZWEyNTk4YmVhMiIsInVzZXJfaWQiOjE1fQ.G1w05z39xWNkFvV_fkL2O0jkEjiX9p0oMvAynJceBP4", "created_at": "2025-02-27T07:35:34.685Z", "expires_at": "2025-02-28T07:35:34Z"}}, {"model": "token_blacklist.outstandingtoken", "pk": 93, "fields": {"user": 15, "jti": "5b14f92ccd5d4d1997e630b28e6f40e8", "token": "eyJhbGciOiJIUzI1NiIsInR5cCI6IkpXVCJ9.eyJ0b2tlbl90eXBlIjoicmVmcmVzaCIsImV4cCI6MTc0MDcyODE0NywiaWF0IjoxNzQwNjQxNzQ3LCJqdGkiOiI1YjE0ZjkyY2NkNWQ0ZDE5OTdlNjMwYjI4ZTZmNDBlOCIsInVzZXJfaWQiOjE1fQ.P69yGMLaa_65_T_-WKO1ce8YKWB_iUSalWF8G9yEsTI", "created_at": "2025-02-27T07:35:47.937Z", "expires_at": "2025-02-28T07:35:47Z"}}, {"model": "token_blacklist.outstandingtoken", "pk": 94, "fields": {"user": 15, "jti": "6288e8bfc9944f45b072269f289bbb7c", "token": "eyJhbGciOiJIUzI1NiIsInR5cCI6IkpXVCJ9.eyJ0b2tlbl90eXBlIjoicmVmcmVzaCIsImV4cCI6MTc0MDcyODIzMiwiaWF0IjoxNzQwNjQxODMyLCJqdGkiOiI2Mjg4ZThiZmM5OTQ0ZjQ1YjA3MjI2OWYyODliYmI3YyIsInVzZXJfaWQiOjE1fQ.G8w3TTYM0o2xBVQXCAvP0-3Ai3dylatdtv7T30afZMI", "created_at": "2025-02-27T07:37:12.162Z", "expires_at": "2025-02-28T07:37:12Z"}}, {"model": "token_blacklist.outstandingtoken", "pk": 95, "fields": {"user": 15, "jti": "f177a1fd5df44524994e7745608ee8d0", "token": "eyJhbGciOiJIUzI1NiIsInR5cCI6IkpXVCJ9.eyJ0b2tlbl90eXBlIjoicmVmcmVzaCIsImV4cCI6MTc0MDcyODM1MSwiaWF0IjoxNzQwNjQxOTUxLCJqdGkiOiJmMTc3YTFmZDVkZjQ0NTI0OTk0ZTc3NDU2MDhlZThkMCIsInVzZXJfaWQiOjE1fQ.gMMUJPHFSSeV_gshGiTXn3Ic3NhwwYLJajwBGrKIn_s", "created_at": "2025-02-27T07:39:11.074Z", "expires_at": "2025-02-28T07:39:11Z"}}, {"model": "token_blacklist.outstandingtoken", "pk": 96, "fields": {"user": 15, "jti": "0414ad09c7da419986cb98d32c81808a", "token": "eyJhbGciOiJIUzI1NiIsInR5cCI6IkpXVCJ9.eyJ0b2tlbl90eXBlIjoicmVmcmVzaCIsImV4cCI6MTc0MDcyODc1MiwiaWF0IjoxNzQwNjQyMzUyLCJqdGkiOiIwNDE0YWQwOWM3ZGE0MTk5ODZjYjk4ZDMyYzgxODA4YSIsInVzZXJfaWQiOjE1fQ.C4HgSrSJkJFClJTVMXDdV_NtUBzdSB_DnY924GOAC4I", "created_at": "2025-02-27T07:45:52.199Z", "expires_at": "2025-02-28T07:45:52Z"}}, {"model": "token_blacklist.blacklistedtoken", "pk": 1, "fields": {"token": 1, "blacklisted_at": "2025-01-27T12:53:50.912Z"}}, {"model": "token_blacklist.blacklistedtoken", "pk": 2, "fields": {"token": 7, "blacklisted_at": "2025-02-05T11:02:33.127Z"}}, {"model": "token_blacklist.blacklistedtoken", "pk": 3, "fields": {"token": 8, "blacklisted_at": "2025-02-05T11:25:14.751Z"}}, {"model": "accounts.customuser", "pk": 1, "fields": {"password": "pbkdf2_sha256$870000$K1l8iLosulFen33HoOm56L$1ZCkSrqa+MVrjh0+UJ0Hf7mXtFfl+iXDe5T6nNsSZV8=", "last_login": null, "is_superuser": false, "username": "testuser", "email": "", "is_staff": false, "is_active": true, "date_joined": "2025-01-09T10:54:53.685Z", "role": "user", "created_at": "2025-01-09T10:54:53.939Z", "updated_at": "2025-01-09T10:54:53.939Z", "first_name": "", "last_name": "", "address": null, "phone_number": null, "groups": [], "user_permissions": []}}, {"model": "accounts.customuser", "pk": 2, "fields": {"password": "pbkdf2_sha256$870000$yj05iZqQA8oksy82ms9IU6$pc/jdCrEy375CAEVSmKj8Mnhi9qNSlzuPBZYzcOReO8=", "last_login": null, "is_superuser": false, "username": "adminuser", "email": "", "is_staff": false, "is_active": true, "date_joined": "2025-01-09T10:54:53.961Z", "role": "admin", "created_at": "2025-01-09T10:54:54.145Z", "updated_at": "2025-01-09T10:54:54.145Z", "first_name": "", "last_name": "", "address": null, "phone_number": null, "groups": [], "user_permissions": []}}, {"model": "accounts.customuser", "pk": 3, "fields": {"password": "pbkdf2_sha256$870000$8PL8ebRruwniTXmdgIXRZH$dvQlSL9x9JMl7RFUaM2gXJ+JENIaY/yJNcP9EcfozDI=", "last_login": "2025-11-18T08:53:57.115Z", "is_superuser": true, "username": "Francis", "email": "ho2bes.dev@gmail.com", "is_staff": true, "is_active": true, "date_joined": "2025-01-09T14:19:12.181Z", "role": "user", "created_at": "2025-01-09T14:19:12.354Z", "updated_at": "2025-01-09T14:19:12.354Z", "first_name": "", "last_name": "", "address": null, "phone_number": null, "groups": [], "user_permissions": []}}, {"model": "accounts.customuser", "pk": 4, "fields": {"password": "pbkdf2_sha256$870000$4WVcwbUZL8HnL5eIiZYosp$d5J7BvEcdI7AhbTMrrCJlqFC3n7C2MHSnfwa2beLNfk=", "last_login": "2025-01-17T09:40:09.584Z", "is_superuser": false, "username": "testuser2", "email": "testuser2@example.com", "is_staff": false, "is_active": true, "date_joined": "2025-01-17T09:39:23.936Z", "role": "user", "created_at": "2025-01-17T09:39:24.117Z", "updated_at": "2025-01-17T09:39:24.117Z", "first_name": "", "last_name": "", "address": null, "phone_number": null, "groups": [], "user_permissions": []}}, {"model": "accounts.customuser", "pk": 5, "fields": {"password": "pbkdf2_sha256$870000$tOjcFfnNXRJv4bEVDsjUFm$6zdf4jpuUEYJUx/mksm+R81xLC4sgdpKP9y9DfZrCqs=", "last_login": "2025-01-17T13:35:17.413Z", "is_superuser": false, "username": "testuser3", "email": "testuser3@example.com", "is_staff": false, "is_active": true, "date_joined": "2025-01-17T13:32:37.294Z", "role": "user", "created_at": "2025-01-17T13:32:37.475Z", "updated_at": "2025-01-17T13:32:37.475Z", "first_name": "", "last_name": "", "address": null, "phone_number": null, "groups": [], "user_permissions": []}}, {"model": "accounts.customuser", "pk": 7, "fields": {"password": "pbkdf2_sha256$870000$nvnikMRvx9m73htkQSuNzT$DdzmDS0KhVYxFOa8HGKrnIsSX5m5UyrEpbTAz/R9Qqs=", "last_login": null, "is_superuser": false, "username": "testuser123", "email": "test123@example.com", "is_staff": false, "is_active": true, "date_joined": "2025-02-03T10:07:12.695Z", "role": "user", "created_at": "2025-02-03T10:07:12.870Z", "updated_at": "2025-02-03T10:07:12.870Z", "first_name": "", "last_name": "", "address": null, "phone_number": null, "groups": [], "user_permissions": []}}, {"model": "accounts.customuser", "pk": 8, "fields": {"password": "pbkdf2_sha256$870000$60Sg17Esu5geeHGrvVouZ6$XzKviH+WczZ2HIXZF0y3izaP6sjU4DIJR0NQ68DewYA=", "last_login": null, "is_superuser": false, "username": "abcdefg", "email": "abcdefg@example.com", "is_staff": false, "is_active": true, "date_joined": "2025-02-04T15:11:25.139Z", "role": "user", "created_at": "2025-02-04T15:11:25.343Z", "updated_at": "2025-02-04T15:11:25.343Z", "first_name": null, "last_name": null, "address": null, "phone_number": null, "groups": [], "user_permissions": []}}, {"model": "accounts.customuser", "pk": 9, "fields": {"password": "pbkdf2_sha256$870000$J8QV27vnjV0w3qbbNSfbId$GkH9sClCALTcMh6iE55OJ4Pzz0+v74Gci+PhnSD5R2g=", "last_login": null, "is_superuser": false, "username": "abc", "email": "abc@mail.com", "is_staff": false, "is_active": true, "date_joined": "2025-02-04T15:24:47.674Z", "role": "user", "created_at": "2025-02-04T15:24:47.862Z", "updated_at": "2025-02-04T15:49:22.178Z", "first_name": "astrid", "last_name": "casa", "address": "12 rue lala 56800 ville", "phone_number": "0698202331", "groups": [], "user_permissions": []}}, {"model": "accounts.customuser", "pk": 10, "fields": {"password": "pbkdf2_sha256$870000$YEqrcSn0blClvOuUVZhNos$MZ5bFtor31Cd3wnsTuVOh22tt7hKyPGnVp0yVF8ZyM8=", "last_login": null, "is_superuser": false, "username": "steve", "email": "steve@mail.com", "is_staff": false, "is_active": true, "date_joined": "2025-02-04T15:29:36.497Z", "role": "user", "created_at": "2025-02-04T15:29:36.684Z", "updated_at": "2025-02-04T15:29:36.684Z", "first_name": null, "last_name": null, "address": null, "phone_number": null, "groups": [], "user_permissions": []}}, {"model": "accounts.customuser", "pk": 15, "fields": {"password": "pbkdf2_sha256$870000$08PqPMo1VUfjdvO53bPycj$yPtVKynv7uYWwbuFxNgbMzF6mGHaqqjdugyPYn8UUiA=", "last_login": "2025-11-19T09:51:48.690Z", "is_superuser": false, "username": "picsou", "email": "picsou@mail.com", "is_staff": false, "is_active": true, "date_joined": "2025-02-18T15:39:34.093Z", "role": "user", "created_at": "2025-02-18T15:39:34.263Z", "updated_at": "2025-02-21T09:52:46.573Z", "first_name": "donald", "last_name": "duck", "address": "12 rue lili 56800 ville", "phone_number": "0397202431", "groups": [], "user_permissions": []}}, {"model": "accounts.customuser", "pk": 16, "fields": {"password": "pbkdf2_sha256$870000$iEeqkvt7RLRN7RdPgcmQe6$yHuuW4yJOOrwcJF79mJcUx71POIn8t1yMzM9Kri42Ps=", "last_login": null, "is_superuser": false, "username": "fort", "email": "", "is_staff": false, "is_active": true, "date_joined": "2025-02-18T17:00:03.145Z", "role": "user", "created_at": "2025-02-18T17:00:03.308Z", "updated_at": "2025-02-18T17:00:03.308Z", "first_name": null, "last_name": null, "address": null, "phone_number": null, "groups": [], "user_permissions": []}}, {"model": "store.product", "pk": 4, "fields": {"name": "Sweatshirt", "description": "Reste au chaud avec le Sweat DUCK23 !\r\n100 % coton bio\r\nTaille unique L", "price": "30.00", "stock": 10, "created_at": "2025-02-18T14:56:31.595Z", "updated_at": "2025-03-25T12:29:14.646Z"}}, {"model": "store.product", "pk": 5, "fields": {"name": "Sticker", "description": "Sticker vinyle ⌀ 5 cm", "price": "4.00", "stock": 20, "created_at": "2025-02-21T10:37:07.666Z", "updated_at": "2025-02-21T10:37:59.325Z"}}, {"model": "store.product", "pk": 6, "fields": {"name": "Mug", "description": "Pour boire avec élégance.\r\nMug céramique.", "price": "12.00", "stock": 10, "created_at": "2025-02-21T10:39:15.518Z", "updated_at": "2025-02-21T10:39:15.518Z"}}, {"model": "store.cart", "pk": 1, "fields": {"user": 1, "created_at": "2025-01-09T14:45:20.208Z"}}, {"model": "store.cart", "pk": 2, "fields": {"user": 16, "created_at": "2025-02-18T17:01:05.269Z"}}, {"model": "store.cart", "pk": 4, "fields": {"user": 15, "created_at": "2025-03-04T16:05:17.064Z"}}, {"model": "store.cartitem", "pk": 2, "fields": {"cart": 2, "product": 4, "quantity": 1}}, {"model": "store.order", "pk": 3, "fields": {"user": 15, "created_at": "2025-09-04T14:20:58.433Z", "status": "pending", "price_amount": "60.00", "order_number": "CMD-20250904-000003"}}, {"model": "store.order", "pk": 4, "fields": {"user": 15, "created_at": "2025-09-04T19:40:08.029Z", "status": "pending", "price_amount": "24.00", "order_number": "CMD-20250904-000004"}}, {"model": "store.order", "pk": 5, "fields": {"user": 15, "created_at": "2025-09-04T19:46:49.910Z", "status": "pending", "price_amount": "8.00", "order_number": "CMD-20250904-000005"}}, {"model": "store.order", "pk": 6, "fields": {"user": 15, "created_at": "2025-09-05T13:04:55.089Z", "status": "pending", "price_amount": "24.00", "order_number": "CMD-20250905-000006"}}, {"model": "store.order", "pk": 7, "fields": {"user": 15, "created_at": "2025-09-05T18:56:37.710Z", "status": "pending", "price_amount": "8.00", "order_number": "CMD-20250905-000007"}}, {"model": "store.order", "pk": 8, "fields": {"user": 15, "created_at": "2025-09-08T13:49:27.722Z", "status": "pending", "price_amount": "96.00", "order_number": "CMD-20250908-000008"}}, {"model": "store.order", "pk": 9, "fields": {"user": 15, "created_at": "2025-09-24T10:31:18.359Z", "status": "pending", "price_amount": "52.00", "order_number": "CMD-20250924-000009"}}, {"model": "store.order", "pk": 10, "fields": {"user": 15, "created_at": "2025-09-25T15:26:54.811Z", "status": "pending", "price_amount": "30.00", "order_number": "CMD-20250925-000010"}}, {"model": "store.order", "pk": 11, "fields": {"user": 15, "created_at": "2025-09-26T08:11:15.882Z", "status": "pending", "price_amount": "30.00", "order_number": "CMD-20250926-000011"}}, {"model": "store.order", "pk": 12, "fields": {"user": 15, "created_at": "2025-10-15T11:58:27.461Z", "status": "pending", "price_amount": "66.00", "order_number": "CMD-20251015-000012"}}, {"model": "store.order", "pk": 13, "fields": {"user": 15, "created_at": "2025-11-18T08:55:33.065Z", "status": "pending", "price_amount": "12.00", "order_number": "CMD-20251118-000013"}}, {"model": "store.order", "pk": 14, "fields": {"user": 15, "created_at": "2025-11-19T09:52:50.696Z", "status": "pending", "price_amount": "30.00", "order_number": "CMD-20251119-000014"}}, {"model": "store.orderitem", "pk": 4, "fields": {"order": 3, "product": 4, "quantity": 2, "price_amount": "30.00"}}, {"model": "store.orderitem", "pk": 5, "fields": {"order": 4, "product": 6, "quantity": 2, "price_amount": "12.00"}}, {"model": "store.orderitem", "pk": 6, "fields": {"order": 5, "product": 5, "quantity": 2, "price_amount": "4.00"}}, {"model": "store.orderitem", "pk": 7, "fields": {"order": 6, "product": 6, "quantity": 2, "price_amount": "12.00"}}, {"model": "store.orderitem", "pk": 8, "fields": {"order": 7, "product": 5, "quantity": 2, "price_amount": "4.00"}}, {"model": "store.orderitem", "pk": 9, "fields": {"order": 8, "product": 6, "quantity": 3, "price_amount": "12.00"}}, {"model": "store.orderitem", "pk": 10, "fields": {"order": 8, "product": 4, "quantity": 2, "price_amount": "30.00"}}, {"model": "store.orderitem", "pk": 11, "fields": {"order": 9, "product": 5, "quantity": 4, "price_amount": "4.00"}}, {"model": "store.orderitem", "pk": 12, "fields": {"order": 9, "product": 6, "quantity": 3, "price_amount": "12.00"}}, {"model": "store.orderitem", "pk": 13, "fields": {"order": 10, "product": 4, "quantity": 1, "price_amount": "30.00"}}, {"model": "store.orderitem", "pk": 14, "fields": {"order": 11, "product": 4, "quantity": 1, "price_amount": "30.00"}}, {"model": "store.orderitem", "pk": 15, "fields": {"order": 12, "product": 6, "quantity": 3, "price_amount": "12.00"}}, {"model": "store.orderitem", "pk": 16, "fields": {"order": 12, "product": 4, "quantity": 1, "price_amount": "30.00"}}, {"model": "store.orderitem", "pk": 17, "fields": {"order": 13, "product": 6, "quantity": 1, "price_amount": "12.00"}}, {"model": "store.orderitem", "pk": 18, "fields": {"order": 14, "product": 4, "quantity": 1, "price_amount": "30.00"}}]